feature_name,importance
num__e_centroid,0.38041419813746064
num__n_centroid,0.08639129116827916
cat__municipality_LJUBLJANA,0.06441548226952924
num__build_year,0.05815340428885593
num__area_m2,0.040925468595889254
num__sale_year,0.03654267395344067
num__usable_area_m2,0.033186943953998
num__building_area_m2,0.030953928085335668
cat__trznost_group_other,0.02661716349294054
cat__TRZNOST_POSLA_3.0,0.026000092357115905
num__property_age,0.024455893577277475
cat__TRZNOST_POSLA_OPIS_Drug posel,0.02394730846999737
num__SOURCE_YEAR,0.02025099688670592
num__sale_month,0.015189487102134086
cat__settlement_MARIBOR,0.0071307027979844945
cat__TRZNOST_POSLA_OPIS_Neopredeljen posel,0.006424036778111016
cat__TRZNOST_POSLA_OPIS_Tržen posel,0.0063199456539060166
cat__municipality_MARIBOR,0.0062554629629445364
cat__TRZNOST_POSLA_1.0,0.006174966812775986
cat__trznost_group_undefined,0.005954997291276217
cat__TRZNOST_POSLA_4.0,0.005423645433203471
cat__municipality_IDRIJA,0.0052759128690314195
cat__trznost_group_market,0.005252126051156503
num__sale_quarter,0.004125160207369182
cat__LEGA_DELA_STAVBE_V_STAVBI_nadstropje,0.003029970750053336
cat__municipality_CELJE,0.002755265355095889
cat__ko_name_KRANJSKA GORA,0.0023340607079263575
cat__LEGA_DELA_STAVBE_V_STAVBI_pritličje,0.002197619957246786
cat__settlement_CELJE,0.0020181844806251526
cat__SIFRA_KO_2169,0.0019758244126650143
cat__municipality_HRASTNIK,0.0018410835372915009
cat__settlement_ANKARAN,0.0016601055975916377
cat__settlement_NOVO MESTO,0.0015115668487948634
cat__municipality_ANKARAN,0.0014658124945476304
cat__trznost_group_market_inadequate,0.001461267464894674
cat__TRZNOST_POSLA_2.0,0.0014106400179747871
cat__TRZNOST_POSLA_OPIS_Tržen posel – neustrezni podatki,0.0013442411491412555
cat__municipality_NOVO MESTO,0.0012429515966576013
cat__LEGA_DELA_STAVBE_V_STAVBI_klet,0.0012421347146761984
cat__municipality_VRHNIKA,0.001028152007890077
cat__LEGA_DELA_STAVBE_V_STAVBI_mansarda,0.0008913208567398989
cat__settlement_RADOVLJICA,0.0007999832227050933
cat__municipality_ŠMARJEŠKE TOPLICE,0.0007784264236860791
cat__municipality_ŽALEC,0.0007761912354324075
cat__SIFRA_KO_2242,0.0007378665640621602
cat__ko_name_PODBRDO,0.0007031084409588899
cat__settlement_PODBRDO,0.0006636329227471138
cat__municipality_KRANJ,0.0006550366601443022
cat__municipality_TOLMIN,0.0006078237171141316
cat__settlement_LJUBLJANA,0.0005768848179633125
cat__settlement_KRANJSKA GORA,0.0005538079864038219
cat__municipality_ILIRSKA BISTRICA,0.0004896721334131778
cat__ko_name_CELJE,0.0004889217734065798
cat__settlement_LITIJA,0.0004688682042946429
cat__SIFRA_KO_1077,0.00045706099802346413
cat__SIFRA_KO_964,0.00044791097721936114
cat__municipality_BLED,0.00044750103122734905
cat__ko_name_VELENJE,0.00043218559311781915
cat__settlement_VELENJE,0.00042096460624380284
cat__settlement_KRANJ,0.0004134410221130624
cat__municipality_TRŽIČ,0.0004067696263241163
cat__municipality_VELENJE,0.0004008702770818695
cat__SIFRA_KO_1467,0.0003792667309237557
cat__ko_name_AJDOVŠČINA,0.000320501239023728
cat__municipality_SEVNICA,0.00031633328398593716
cat__settlement_BLED,0.00031535892687427716
cat__municipality_IVANČNA GORICA,0.0002908857764592518
cat__SIFRA_KO_1725,0.00027807616977999414
cat__trznost_group_under_review,0.00027573970395061503
cat__SIFRA_KO_657,0.0002744453073445101
cat__ko_name_TABOR,0.0002742519248561815
cat__municipality_JESENICE,0.0002698856199000229
cat__NOVOGRADNJA_1.0,0.00026561992156881045
cat__VKLJUCENOST_DDV_0,0.00026219644877831564
cat__settlement_ŠMARJEŠKE TOPLICE,0.0002604351421767362
cat__ko_name_DRUŽINSKA VAS,0.0002591571045770774
cat__municipality_KRŠKO,0.0002538932299454781
cat__settlement_HRASTNIK,0.00024912177465501043
cat__TRZNOST_POSLA_OPIS_V preverjanju,0.00024792218854213934
cat__ko_name_VRHNIKA,0.00024232218029503864
cat__TRZNOST_POSLA_5.0,0.00024042234132672433
cat__municipality_RADEČE,0.00023503033927064958
cat__VKLJUCENOST_DDV_1,0.00023420001412945436
cat__SIFRA_KO_2344,0.0002305257712378747
cat__municipality_PIVKA,0.00022181077039640226
cat__settlement_DOMŽALE,0.00021905693342112763
cat__NOVOGRADNJA___MISSING__,0.0002181828287436714
cat__settlement_ŽALEC,0.0002181678579191941
cat__ko_name_SPODNJA ŠIŠKA,0.00021191786043688277
cat__SIFRA_KO_1740,0.00021045800962184668
cat__ko_name_BEŽIGRAD,0.000209673984904445
cat__municipality_KRANJSKA GORA,0.0002071083437696087
cat__SIFRA_KO_2002,0.00020111579912662373
cat__municipality_KUNGOTA,0.00019902324117368565
cat__municipality_TREBNJE,0.00019850506608441848
cat__ko_name_STUDENCI,0.00019818274106448106
cat__settlement_ILIRSKA BISTRICA,0.00019535181563001206
cat__SIFRA_KO_2636,0.00019524697814010355
cat__ko_name_ZGORNJA ŠIŠKA,0.00019220178299522825
cat__settlement_PTUJ,0.00019144151198405312
cat__ko_name_LITIJA,0.00019123439995165917
cat__SIFRA_KO_1756,0.00018955271230275907
cat__ko_name_CERKNO,0.00018903372183327912
cat__ko_name_ČRNUČE,0.00018826132105951654
cat__ko_name_TREBNJE,0.00018466197051324895
cat__ko_name_IDRIJA - MESTO,0.00018385636797111797
cat__municipality_PTUJ,0.00018151085442783118
cat__settlement_TRBOVLJE,0.00017741878359960948
cat__settlement_LOGATEC,0.00017680067458614222
cat__SIFRA_KO_2677,0.0001755231057909112
cat__settlement_VRHNIKA,0.00017379414319860563
cat__SIFRA_KO_660,0.0001734465251504458
cat__SIFRA_KO_2635,0.00017145853820989867
cat__SIFRA_KO_1730,0.00017077321862929857
cat__SIFRA_KO_1739,0.00016934533915592735
cat__settlement_CERKNO,0.00016775638272803928
cat__LEGA_DELA_STAVBE_V_STAVBI___MISSING__,0.00016703154052668265
cat__ko_name_MOSTE,0.0001650752205099357
cat__municipality_SLOVENJ GRADEC,0.0001647758497789323
cat__ko_name_PRULE,0.00016336563297387644
cat__SIFRA_KO_1731,0.00016327965537576527
cat__settlement_TREBNJE,0.00015980376629635924
cat__municipality_CERKNO,0.00015952867215420549
cat__municipality_TRBOVLJE,0.0001585689816536338
cat__SIFRA_KO_1855,0.00015793486760115285
cat__settlement_ROGLA,0.00015788019685449746
cat__SIFRA_KO_1871,0.0001569004418859201
cat__SIFRA_KO_1838,0.00015180531734786001
cat__SIFRA_KO_1422,0.00015158820548651227
cat__municipality_SLOVENSKA BISTRICA,0.0001503718412927966
cat__SIFRA_KO_659,0.00014942449152435545
cat__ko_name_UDMAT,0.00014374088916752786
cat__settlement_ROGAŠKA SLATINA,0.00014243634474481542
cat__ko_name_MARIBOR GRAD,0.0001424341723292046
cat__ko_name_TRBOVLJE,0.00014085687082168803
cat__ko_name_ROGAŠKA SLATINA,0.0001337650092719427
cat__SIFRA_KO_2680,0.00012890731803778279
cat__municipality_ŠKOFJA LOKA,0.0001269714574609005
cat__SIFRA_KO_1722,0.00012528696136126984
cat__municipality_ROGAŠKA SLATINA,0.00012444730438263454
cat__SIFRA_KO_1721,0.0001234918423407303
cat__municipality_KANAL,0.0001195037633970857
cat__municipality_LOGATEC,0.00011903497130984663
cat__municipality_RUŠE,0.00011865457807223763
cat__municipality_BOHINJ,0.00011536211858821046
cat__ko_name_TRNOVSKO PREDMESTJE,0.00011531774147909586
cat__settlement_PORTOROŽ,0.0001117608989585664
cat__ko_name_GRADIŠČE I,0.00011104064842528696
cat__settlement_SENOVO,0.00010999060326590101
cat__ko_name_DOMŽALE,0.00010995599126019555
cat__municipality_LAŠKO,0.000109361350550949
cat__SIFRA_KO_1737,0.00010913732698368554
cat__ko_name_NOVE JARŠE,0.00010783421912341838
cat__SIFRA_KO_1959,0.00010725547206038361
cat__municipality_RADOVLJICA,0.00010698412412701978
cat__ko_name_STOŽICE,0.00010307390637415546
cat__ko_name_DRAVLJE,0.00010006328271083507
cat__SIFRA_KO_997,9.870883293694815e-05
cat__ko_name_IDRIJA MESTO,9.771905481318163e-05
cat__municipality_DOMŽALE,9.146164861855128e-05
cat__settlement_KOPER,8.898372714394876e-05
cat__ko_name_SPODNJA HUDINJA,8.769142151679141e-05
cat__SIFRA_KO_680,8.73650881906216e-05
cat__SIFRA_KO_1074,8.705519468093886e-05
cat__ko_name_TEZNO,8.702611747758077e-05
cat__settlement_SLOVENJ GRADEC,8.541588251374777e-05
cat__municipality_LITIJA,8.460737412964424e-05
cat__municipality_ŠTORE,8.336532551932223e-05
cat__SIFRA_KO_1738,8.30695881999218e-05
cat__ko_name_TRŽIŠČE,8.211488585034418e-05
cat__SIFRA_KO_1735,8.1240090628582e-05
cat__settlement_ŠKOFJA LOKA,8.119514964129702e-05
cat__municipality_KOPER,8.089201483799413e-05
cat__settlement___MISSING__,7.929339804843815e-05
cat__SIFRA_KO_1732,7.84287856552218e-05
cat__ko_name_ŠAFARSKO,7.798849949601809e-05
cat__SIFRA_KO_92,7.370600838681303e-05
cat__municipality_MORAVSKE TOPLICE,7.310530951406147e-05
cat__municipality_ZAGORJE OB SAVI,7.280108158398795e-05
cat__SIFRA_KO_2357,7.238131522032915e-05
cat__settlement_ŠTORE,7.179921142551794e-05
cat__ko_name_ŠTEPANJA VAS,7.095927225611866e-05
cat__ko_name_ANKARAN,7.086891179188543e-05
cat__settlement_ŠAFARSKO,6.988518976540348e-05
cat__STAVBA_JE_DOKONCANA_0,6.903538710153859e-05
cat__ko_name_HRASTNIK MESTO,6.855635726304948e-05
cat__municipality_PODVELKA,6.848874030700609e-05
cat__SIFRA_KO_2156,6.809850606597714e-05
cat__ko_name_MORAVCI,6.764180793751558e-05
cat__SIFRA_KO_681,6.738267688337995e-05
cat__ko_name_POBREŽJE,6.728183797009159e-05
cat__LEGA_DELA_STAVBE_V_STAVBI_drugo,6.704400994553947e-05
cat__settlement_MURSKA SOBOTA,6.568880712416243e-05
cat__SIFRA_KO_1723,6.520149125066912e-05
cat__ko_name_MURSKA SOBOTA,6.491318312776273e-05
cat__ko_name_BLED,6.483364308107088e-05
cat__municipality_HOČE-SLIVNICA,6.438403453462058e-05
cat__ko_name_GOTOVLJE,6.423065488494467e-05
cat__municipality_RAZKRIŽJE,6.38058625354297e-05
cat__SIFRA_KO_2191,6.327910907341979e-05
cat__ko_name_MELJE,6.298401370326298e-05
cat__SIFRA_KO_2143,6.222969051116955e-05
cat__SIFRA_KO_277,6.210256528547858e-05
cat__settlement_IZOLA,6.204856146469447e-05
cat__settlement_IVANČNA GORICA,6.181896283023685e-05
cat__ko_name_ŠKOFJA LOKA,6.140267358674818e-05
cat__ko_name_RADOVLJICA,6.130128007661652e-05
cat__ko_name_KOROŠKA VRATA,6.129618761080108e-05
cat__municipality_RADENCI,6.028731053807153e-05
cat__ko_name_ZAGORJE-MESTO,5.994596441369418e-05
cat__ko_name_RADEČE,5.9748678875156785e-05
cat__SIFRA_KO_2631,5.925582654479769e-05
cat__settlement_RUŠE,5.921998677623844e-05
cat__SIFRA_KO_655,5.8702155214557225e-05
cat__SIFRA_KO_1082,5.795854696574429e-05
cat__municipality_ŠENTJUR,5.792445172428437e-05
cat__SIFRA_KO_658,5.774699695118489e-05
cat__municipality_KAMNIK,5.694470151705181e-05
cat__ko_name_POLJANSKO PREDMESTJE,5.685947719538171e-05
cat__ko_name_SPODNJE RADVANJE,5.681397084331766e-05
cat__municipality_NOVA GORICA,5.650770796481378e-05
cat__GRADBENA_FAZA___MISSING__,5.646351695179429e-05
cat__SIFRA_KO_678,5.6454518790608595e-05
cat__SIFRA_KO_1862,5.642457091923247e-05
cat__SIFRA_KO_2100,5.554618779086092e-05
cat__settlement_TRŽIČ,5.54697346869926e-05
cat__ko_name_RUŠE,5.530652390529196e-05
cat__SIFRA_KO_1820,5.489390676885879e-05
cat__SIFRA_KO_2606,5.467714882268683e-05
cat__municipality_ŠOŠTANJ,5.454841327533417e-05
cat__SIFRA_KO_824,5.435787675441194e-05
cat__SIFRA_KO_2190,5.4098766589801616e-05
cat__SIFRA_KO_1727,5.3694246610727944e-05
cat__settlement_RADEČE,5.248980753885921e-05
cat__ko_name_VIČ,5.2455643078169835e-05
cat__settlement_ROŽNA DOLINA,5.1989767504854064e-05
cat__SIFRA_KO_1772,5.196273565326558e-05
cat__SIFRA_KO_665,5.1719326178378304e-05
cat__ko_name_IZOLA,5.15920354167019e-05
cat__ko_name_PORTOROŽ,5.110916680395678e-05
cat__ko_name_GORENJA VAS,5.104932735855083e-05
cat__SIFRA_KO_2035,5.0158458162288995e-05
cat__settlement_LENART V SLOV. GORICAH,4.9982931171672305e-05
cat__ko_name_ŽELEČE,4.997202357205138e-05
cat__SIFRA_KO_1835,4.938262082198078e-05
cat__settlement_IDRIJA,4.89591867301112e-05
cat__ko_name_KRANJ,4.8906826394642715e-05
cat__GRADBENA_FAZA_5.0,4.882208864997031e-05
cat__municipality_MURSKA SOBOTA,4.8765183594515436e-05
cat__settlement_MORAVSKE TOPLICE,4.823982250426323e-05
cat__municipality_RIBNICA NA POHORJU,4.7849859570045894e-05
cat__municipality_POSTOJNA,4.781896039331261e-05
cat__municipality_IZOLA,4.77784181903221e-05
cat__ko_name_TRŽIČ,4.7157782708252076e-05
cat__ko_name_ROŽNA DOLINA,4.695338970509839e-05
cat__ko_name_MARIBOR-GRAD,4.673839690786218e-05
cat__ko_name_SEMEDELA,4.649387514770878e-05
cat__municipality_MEDVODE,4.581833441163941e-05
cat__municipality_RADLJE OB DRAVI,4.5510424196457145e-05
cat__ko_name_SLAPE,4.5443675208146846e-05
cat__SIFRA_KO_2015,4.539938360284437e-05
cat__ko_name_HUDI KOT,4.5144052531072435e-05
cat__municipality_RAVNE NA KOROŠKEM,4.495419967748562e-05
cat__SIFRA_KO_2605,4.476905030003831e-05
cat__SIFRA_KO_2626,4.476124134289626e-05
cat__SIFRA_KO_2594,4.445884788737142e-05
cat__SIFRA_KO_1100,4.417719404880862e-05
cat__settlement_JESENICE,4.399606645076951e-05
cat__settlement_PIVKA,4.360804045742691e-05
cat__ko_name_KOPER,4.326972520767673e-05
cat__settlement_LOG PRI BREZOVICI,4.313243757676179e-05
cat__settlement_RADENCI,4.306791800236916e-05
cat__SIFRA_KO_2593,4.2704711262739396e-05
cat__ko_name_TOMAJ,4.239195828784239e-05
cat__municipality_POLJČANE,4.233954006715404e-05
cat__settlement_BREZNO,4.2310224375564874e-05
cat__ko_name_LJUBLJANA MESTO,4.223704228743375e-05
cat__SIFRA_KO_2436,4.196620259092151e-05
cat__ko_name_NOVA GORICA,4.1899198613343484e-05
cat__ko_name_LOG,4.1813661969919677e-05
cat__SIFRA_KO_1728,4.178967353584025e-05
cat__settlement_POSTOJNA,4.1676405330995986e-05
cat__ko_name_LENART V SLOVENSKIH GORICAH,4.145635969910222e-05
cat__ko_name_TEHARJE,4.1452521846813106e-05
cat__municipality_BREZOVICA,4.112225831619961e-05
cat__settlement_KRMELJ,4.100900483938764e-05
cat__SIFRA_KO_1994,4.09928593989479e-05
cat__municipality_VOJNIK,4.095006837283841e-05
cat__municipality_GROSUPLJE,4.090974400512444e-05
cat__SIFRA_KO_105,4.0760028148810434e-05
cat__SIFRA_KO_1886,4.0159417257621344e-05
cat__ko_name_DOBROVA,3.988976551610205e-05
cat__SIFRA_KO_2122,3.964556826605501e-05
cat__ko_name_PODGRAD,3.960611883543425e-05
cat__municipality_DIVAČA,3.938851067685269e-05
cat__settlement_NOVA GORICA,3.910124426470102e-05
cat__ko_name_TRNOVO,3.8535377374328234e-05
cat__settlement_ZAVRSTNIK,3.8466033709653e-05
cat__settlement_LUKANJA,3.836577964754938e-05
cat__settlement_PODGRAD,3.816091762070798e-05
cat__settlement_KAMNIK,3.8125193589064e-05
cat__ko_name_GOVEJI DOL,3.805977585372189e-05
cat__municipality_DOBROVA-POLHOV GRADEC,3.7746882083546167e-05
cat__settlement_PIRAN,3.763929232974937e-05
cat__SIFRA_KO_166,3.6996951337815656e-05
cat__STAVBA_JE_DOKONCANA_1,3.6836106192766146e-05
cat__ko_name_GORENJI LOGATEC,3.6734288068254076e-05
cat__SIFRA_KO_850,3.5972480112793435e-05
cat__ko_name_ŠENTILJ V SLOVENSKIH GORICAH,3.593337969321319e-05
cat__SIFRA_KO_959,3.588811727235124e-05
cat__ko_name_HOTIČ,3.559518254798013e-05
cat__ko_name_SLOVENJ GRADEC,3.502434877486609e-05
cat__SIFRA_KO_532,3.4940477847596094e-05
cat__municipality_SLOVENSKE KONJICE,3.426665880011433e-05
cat__municipality_LUČE,3.3111710439279016e-05
cat__ko_name_ŠOŠTANJ,3.252800076454062e-05
cat__ko_name_ŠENTPETER,3.2474790628590295e-05
cat__ko_name_ŠMIHEL PRI NOVEM MESTU,3.228904266608271e-05
cat__SIFRA_KO_2304,3.2246331265960195e-05
cat__settlement_KRŠKO,3.21883469495129e-05
cat__ko_name_HUJE,3.21500806511963e-05
cat__settlement_TOMAJ,3.2079796144122513e-05
cat__ko_name_BRINJE I,3.194139577219526e-05
cat__municipality_ŠENTILJ,3.192901540617655e-05
cat__settlement_LOČE,3.172657607500201e-05
cat__ko_name_ZAGORJE MESTO,3.156853236932152e-05
cat__municipality_CERKNICA,3.1522198569440615e-05
cat__municipality_ZREČE,3.14397535817328e-05
cat__ko_name_PETELINJE,3.0976587836378345e-05
cat__ko_name_OLTRA,3.067139135856389e-05
cat__settlement_ZREČE,3.045722825257915e-05
cat__municipality_PIRAN,3.020812502987715e-05
cat__settlement_ČRNOMELJ,3.0057018258537173e-05
cat__ko_name_KOT,2.9954183910809506e-05
cat__SIFRA_KO_725,2.9923519492334893e-05
cat__SIFRA_KO_2306,2.987283140755818e-05
cat__SIFRA_KO_1389,2.982218634801596e-05
cat__ko_name_LENDAVA,2.9616814849835114e-05
cat__ko_name_KANDIJA,2.9527096165286126e-05
cat__SIFRA_KO_400,2.944273990046241e-05
cat__municipality_BOVEC,2.913487574540853e-05
cat__municipality_LJUTOMER,2.901006922743381e-05
cat__ko_name_DOL PRI HRASTNIKU,2.89549238955172e-05
cat__SIFRA_KO_564,2.8895493172084537e-05
cat__ko_name_PIRAN,2.8824002255330336e-05
cat__municipality_KOČEVJE,2.875214536184891e-05
cat__settlement_PARECAG,2.869893725362773e-05
cat__SIFRA_KO_849,2.834751200819467e-05
cat__ko_name_PTUJ,2.8332064192901082e-05
cat__SIFRA_KO_1483,2.8266677981568744e-05
cat__SIFRA_KO_2175,2.820872860504179e-05
cat__settlement_ŠOŠTANJ,2.8208514353078258e-05
cat__settlement_JOSIPDOL,2.8118948250364244e-05
cat__ko_name_LOČE,2.8067445359826773e-05
cat__settlement_DOBROVA,2.8021697477527185e-05
cat__settlement_BOVEC,2.800627287217607e-05
cat__municipality_ORMOŽ,2.792111023464986e-05
cat__settlement_RAVNE NA KOROŠKEM,2.7749148974597576e-05
cat__settlement_ŠENTILJ V SLOV. GORICAH,2.7340066415532673e-05
cat__SIFRA_KO_1734,2.725949699112509e-05
cat__municipality_PREVALJE,2.7172662079359328e-05
cat__settlement_ZAGORJE OB SAVI,2.6974310384307208e-05
cat__municipality_LOG-DRAGOMER,2.6876334483370202e-05
cat__ko_name_SLOVENSKA BISTRICA,2.676636304957245e-05
cat__SIFRA_KO_2490,2.6606610033882203e-05
cat__municipality_LENART,2.6387403977041333e-05
cat__ko_name_ZREČE,2.573253868801599e-05
cat__SIFRA_KO_753,2.5634813049134422e-05
cat__ko_name_GRADIŠČE II,2.5609889528817302e-05
cat__municipality_LENDAVA,2.541148001105117e-05
cat__settlement_POLZELA,2.4927011440593966e-05
cat__municipality_ROGATEC,2.491178346923315e-05
cat__settlement_LENDAVA,2.4671774631070895e-05
cat__SIFRA_KO_2027,2.4603680289921934e-05
cat__ko_name_ORMOŽ,2.4598208002123216e-05
cat__settlement_SLOVENSKA BISTRICA,2.4526006996944147e-05
cat__ko_name_ŠENTVID NAD LJUBLJANO,2.4504528734635987e-05
cat__SIFRA_KO_2524,2.4358294023720772e-05
cat__SIFRA_KO_1736,2.4248788614899703e-05
cat__SIFRA_KO_1484,2.4182196917925545e-05
cat__SIFRA_KO_1770,2.395450019696712e-05
cat__ko_name_JEŽICA,2.3919097972417125e-05
cat__SIFRA_KO_992,2.3716966599726212e-05
cat__SIFRA_KO_2679,2.367652093458234e-05
cat__SIFRA_KO_2486,2.3514611632707208e-05
cat__ko_name_STARI TRG,2.343363483696489e-05
cat__SIFRA_KO_2207,2.3395143517622407e-05
cat__ko_name_POLZELA,2.3346410284967553e-05
cat__SIFRA_KO_199,2.332769325486545e-05
cat__SIFRA_KO_1911,2.3294314086540834e-05
cat__ko_name_KRČEVINA PRI PTUJU,2.3274727447862023e-05
cat__SIFRA_KO_1119,2.3237005055965732e-05
cat__settlement_MEDVODE,2.313043981851715e-05
cat__SIFRA_KO_392,2.3060011539199256e-05
cat__ko_name_BOVEC,2.3057884880252954e-05
cat__SIFRA_KO_1755,2.2929128794602943e-05
cat__ko_name_KARLOVŠKO PREDMESTJE,2.29238493137965e-05
cat__settlement_MEKINJE,2.2901756959177363e-05
cat__municipality_POLZELA,2.2770508827783646e-05
cat__ko_name_JESENICE,2.2729897196069858e-05
cat__settlement_ČRNA NA KOROŠKEM,2.262470960779818e-05
cat__SIFRA_KO_1856,2.2520974903521648e-05
cat__ko_name_KAŠELJ,2.244915794615916e-05
cat__SIFRA_KO_1783,2.2427594790454584e-05
cat__municipality_RAČE-FRAM,2.2368110322998858e-05
cat__ko_name_POSTOJNA,2.231683012111706e-05
cat__settlement_PREVALJE,2.2241596726238964e-05
cat__settlement_OREHEK,2.1910854385884217e-05
cat__municipality_ŠMARJE PRI JELŠAH,2.184787447752474e-05
cat__ko_name_DEDNI DOL,2.1686107741765042e-05
cat__ko_name_ČRNA,2.1447563779354595e-05
cat__ko_name_HUDINJA,2.141801186647068e-05
cat__ko_name_PEKEL,2.113455872015165e-05
cat__ko_name_BILJE,2.1123645339344904e-05
cat__ko_name_HRASTNIK-MESTO,2.1084355074396653e-05
cat__settlement_VIŠNJA GORA,2.1052534249796933e-05
cat__SIFRA_KO_2501,2.0937070917133537e-05
cat__GRADBENA_FAZA_3.0,2.0655897780698932e-05
cat__SIFRA_KO_1898,2.0316978265100105e-05
cat__SIFRA_KO_1908,2.030255788350498e-05
cat__municipality_LOVRENC NA POHORJU,2.0160014278791864e-05
cat__SIFRA_KO_2318,1.9887295296636486e-05
cat__SIFRA_KO_1812,1.9829122648221534e-05
cat__ko_name_DEPALA VAS,1.9828659059333672e-05
cat__SIFRA_KO_1695,1.968345444381003e-05
cat__SIFRA_KO_2579,1.9501833411654208e-05
cat__settlement_LAŠKO,1.9488585668812923e-05
cat__ko_name_STARA LOKA,1.9310861847165106e-05
cat__ko_name_KAMNIK,1.9124175824335294e-05
cat__SIFRA_KO_2630,1.8981679623294087e-05
cat__settlement_BILJE,1.8865614929705144e-05
cat__settlement_GROSUPLJE,1.8789059343605502e-05
cat__municipality_BREŽICE,1.877573961186336e-05
cat__SIFRA_KO_1726,1.8609763608978354e-05
cat__municipality_MAJŠPERK,1.8599270496432073e-05
cat__settlement_ORMOŽ,1.8569272398880045e-05
cat__ko_name_MEKINJE,1.839471549562165e-05
cat__municipality_MIREN-KOSTANJEVICA,1.8340043569022326e-05
cat__ko_name_PODGORJE,1.829695709906128e-05
cat__settlement_DEPALA VAS,1.8274301432310005e-05
cat__SIFRA_KO_1075,1.8245702084219726e-05
cat__ko_name_CERKVENJAK,1.819867290467505e-05
cat__municipality_GORNJA RADGONA,1.8177788422812435e-05
cat__SIFRA_KO_1091,1.8134191599575814e-05
cat__SIFRA_KO_882,1.8004256469046124e-05
cat__ko_name_HOTINJA VAS,1.800158700453208e-05
cat__settlement_GORNJA RADGONA,1.799929664191644e-05
cat__settlement_TOLMIN,1.7796469593782104e-05
cat__SIFRA_KO_906,1.7787079231047864e-05
cat__municipality_ŠMARTNO PRI LITIJI,1.7717026026958116e-05
cat__SIFRA_KO_1754,1.7611495447844255e-05
cat__ko_name_ŠRATOVCI,1.7516391512585646e-05
cat__ko_name_LOVRENC NA POHORJU,1.7456922054732717e-05
cat__SIFRA_KO_707,1.7408822792779076e-05
cat__ko_name_RADLJE OB DRAVI,1.722979437523251e-05
cat__ko_name_TOLMIN,1.704545622377848e-05
cat__SIFRA_KO_1535,1.692571299659233e-05
cat__SIFRA_KO_1771,1.683206090188795e-05
cat__SIFRA_KO_1996,1.6680712403392967e-05
cat__SIFRA_KO_2525,1.6656682056708117e-05
cat__municipality_MIKLAVŽ NA DRAVSKEM POLJU,1.651984677004279e-05
cat__ko_name_ZADOBROVA,1.6438428060153e-05
cat__SIFRA_KO_1659,1.6112181823135687e-05
cat__municipality_VELIKE LAŠČE,1.6040105209845883e-05
cat__SIFRA_KO_996,1.599124107003962e-05
cat__SIFRA_KO_2248,1.5775247776577797e-05
cat__settlement_LOVRENC NA POHORJU,1.5772154131596542e-05
cat__ko_name_VOJNIK TRG,1.5762477688347583e-05
cat__ko_name_RAVNE,1.575806293467437e-05
cat__municipality_ČRNOMELJ,1.5706519899981507e-05
cat__SIFRA_KO_1115,1.566262068587726e-05
cat__SIFRA_KO_259,1.565578616312244e-05
cat__SIFRA_KO_1676,1.5479512318425278e-05
cat__municipality_BENEDIKT,1.5457402045251787e-05
cat__SIFRA_KO_640,1.543952771387012e-05
cat__ko_name_GORNJA RADGONA,1.5438594034030025e-05
cat__settlement_BREŽICE,1.5342561234680108e-05
cat__SIFRA_KO_677,1.5004759891428245e-05
cat__ko_name_ŠMARJE,1.4767327532697173e-05
cat__ko_name_GLINCE,1.4712262466162501e-05
cat__ko_name_SPODNJA IDRIJA,1.4580590541956933e-05
cat__SIFRA_KO_332,1.452227569804388e-05
cat__ko_name_CERKNICA,1.450764821034708e-05
cat__settlement_CERKNICA,1.4443929017414421e-05
cat__ko_name_OSTROŽNO,1.4293996455238728e-05
cat__settlement_HOTINJA VAS,1.4156773469563644e-05
cat__SIFRA_KO_801,1.4032422704894732e-05
cat__municipality_VITANJE,1.3989173763936644e-05
cat__settlement_KOČEVJE,1.3971139107068696e-05
cat__ko_name_OREHEK,1.3957015912343854e-05
cat__municipality_ŽELEZNIKI,1.3783648235109567e-05
cat__SIFRA_KO_1751,1.3691903610819392e-05
cat__municipality_IG,1.3558968927053514e-05
cat__SIFRA_KO_184,1.3512207257935976e-05
cat__settlement_BRESTANICA,1.3314267866834498e-05
cat__settlement_VOJNIK,1.3297033690758357e-05
cat__ko_name_ZGORNJE RADVANJE,1.3281400973456456e-05
cat__SIFRA_KO_1577,1.318174511311814e-05
cat__ko_name_ŠMARTNO,1.3167688632346231e-05
cat__municipality_BLOKE,1.3158138797874187e-05
cat__ko_name_BREZNO,1.2872737860390058e-05
cat__ko_name_BERTOKI,1.2815841094576135e-05
cat__SIFRA_KO_748,1.2728246516069052e-05
cat__ko_name_SEČOVLJE,1.268919085286249e-05
cat__municipality_LOŠKI POTOK,1.261569258516769e-05
cat__ko_name_FARNA VAS,1.25069972206494e-05
cat__municipality_LUKOVICA,1.2489407089009333e-05
cat__settlement_KRAŠNJA,1.2464463647230056e-05
cat__ko_name_VIŽMARJE,1.2392800233195574e-05
cat__SIFRA_KO_2131,1.2377197454507997e-05
cat__SIFRA_KO_438,1.2328101366534828e-05
cat__municipality_NAZARJE,1.2242803386496593e-05
cat__SIFRA_KO_1847,1.2105775125140912e-05
cat__ko_name_SPODNJA POLSKAVA,1.2093288560979059e-05
cat__SIFRA_KO_669,1.2081065756357897e-05
cat__municipality_STARŠE,1.2034268391638274e-05
cat__SIFRA_KO_926,1.2033753979657017e-05
cat__settlement_CERKVENJAK,1.1945675817118493e-05
cat__ko_name_ČRNOMELJ,1.1866650984745643e-05
cat__municipality_ČRNA NA KOROŠKEM,1.1784708470185161e-05
cat__ko_name_TACEN,1.1769247940774052e-05
cat__SIFRA_KO_2632,1.1765653662820211e-05
cat__settlement_LUCIJA,1.1687022625986552e-05
cat__SIFRA_KO_1349,1.1596153215306806e-05
cat__SIFRA_KO_2604,1.1547520120884077e-05
cat__ko_name_SUHA,1.154469844559917e-05
cat__settlement_SLOVENSKE KONJICE,1.1503789828521455e-05
cat__ko_name_KOČEVJE,1.149628727345218e-05
cat__ko_name_GROSUPLJE NASELJE,1.1473612142630466e-05
cat__ko_name_GOLOVEC,1.1375955088004859e-05
cat__municipality_PREBOLD,1.1358395599934086e-05
cat__SIFRA_KO_1962,1.1283272672553284e-05
cat__SIFRA_KO_1065,1.1273986804435385e-05
cat__municipality_VUZENICA,1.1108664347598375e-05
cat__ko_name_BREŽICE,1.1085529265069854e-05
cat__SIFRA_KO_2678,1.0954577177846657e-05
cat__SIFRA_KO_2358,1.0914033881806499e-05
cat__settlement_IG,1.080526889598203e-05
cat__ko_name_MEDLOG,1.0793230223266324e-05
cat__settlement_KLINJA VAS,1.0707417478847888e-05
cat__SIFRA_KO_1700,1.0702471345894597e-05
cat__ko_name_ŽALEC,1.0639625717625616e-05
cat__SIFRA_KO_2030,1.0636228356317292e-05
cat__settlement_JAGODJE,1.0628561136771306e-05
cat__settlement_LJUTOMER,1.0587617854060193e-05
cat__ko_name_NOVO MESTO,1.0463990771144981e-05
cat__ko_name_KRAŠNJA,1.044769047469017e-05
cat__settlement_PREBOLD,1.0404453534869066e-05
cat__settlement_RADLJE OB DRAVI,1.0366154575043334e-05
cat__ko_name_IG,1.0356812734955648e-05
cat__SIFRA_KO_1456,1.0340144174114654e-05
cat__settlement_ŽELEZNIKI,1.0313389811983495e-05
cat__SIFRA_KO_829,1.029895237767201e-05
cat__settlement_MAJŠPERK,1.0237380567383138e-05
cat__SIFRA_KO_1931,1.0085108253846995e-05
cat__ko_name_RIBNICA,1.0055742710105419e-05
cat__municipality_AJDOVŠČINA,9.913606983079558e-06
cat__municipality_MOZIRJE,9.877508357635676e-06
cat__ko_name_DRAVOGRAD,9.787160520982694e-06
cat__ko_name_ŽELJNE,9.786536590816767e-06
cat__SIFRA_KO_1076,9.744248574587136e-06
cat__SIFRA_KO_1753,9.700050578500515e-06
cat__ko_name_LEŠJE,9.644315851121698e-06
cat__municipality_DRAVOGRAD,9.460489238427025e-06
cat__settlement_SEVNICA,9.436196946624998e-06
cat__ko_name_LJUTOMER,9.413470244715152e-06
cat__settlement_DOL PRI HRASTNIKU,9.36128807898851e-06
cat__ko_name_STRAŽIŠČE,9.241608435502922e-06
cat__settlement_RAKEK,9.237004643860097e-06
cat__SIFRA_KO_804,9.179441550830282e-06
cat__ko_name_KLANEC,9.151989077725798e-06
cat__ko_name_LUČE,9.145911014333254e-06
cat__SIFRA_KO_884,9.102462261562789e-06
cat__SIFRA_KO_1961,9.053515594153746e-06
cat__ko_name_BISTRICA,9.037830423187027e-06
cat__SIFRA_KO_1578,8.939367308031559e-06
cat__ko_name_ILIRSKA BISTRICA,8.938081088248107e-06
cat__SIFRA_KO_1316,8.823248123080037e-06
cat__SIFRA_KO_936,8.818761077777946e-06
cat__settlement_MISLINJA,8.582908587694838e-06
cat__ko_name_TRZIN,8.575160297116148e-06
cat__settlement_METLIKA,8.529841029104938e-06
cat__municipality_OPLOTNICA,8.425124717635267e-06
cat__municipality_SELNICA OB DRAVI,8.42262663538157e-06
cat__ko_name_PREBOLD,8.391271819576953e-06
cat__SIFRA_KO_1973,8.3613392647905e-06
cat__SIFRA_KO_1138,8.248812175351937e-06
cat__SIFRA_KO_1380,8.199613911463654e-06
cat__SIFRA_KO_2121,8.161137448491547e-06
cat__ko_name_DOVŠKO,8.1033084143972e-06
cat__ko_name_PRIMSKOVO,8.093702280408698e-06
cat__settlement_DRAVOGRAD,8.091954345844453e-06
cat__settlement_RIMSKE TOPLICE,8.082846408881514e-06
cat__settlement_BERTOKI,7.881702549596006e-06
cat__municipality_RIBNICA,7.790272583963253e-06
cat__SIFRA_KO_2502,7.778945312356622e-06
cat__SIFRA_KO_1625,7.738999533906134e-06
cat__ko_name_BRINJE II,7.704375600842852e-06
cat__SIFRA_KO_705,7.70269222306375e-06
cat__SIFRA_KO_1455,7.682656661715552e-06
cat__SIFRA_KO_661,7.659761995248565e-06
cat__ko_name_SENOVO,7.652590626464778e-06
cat__ko_name_KOŠANA,7.591312062166489e-06
cat__settlement_PRISTAVA,7.559718742444081e-06
cat__SIFRA_KO_1039,7.536280212306389e-06
cat__SIFRA_KO_2681,7.464358943780429e-06
cat__ko_name_BLEKOVA VAS,7.460618591595427e-06
cat__municipality_CERKVENJAK,7.415766520682266e-06
cat__ko_name_PRIHOVA,7.3777314637393945e-06
cat__SIFRA_KO_1005,7.373916910405999e-06
cat__municipality_STRAŽA,7.341661558871289e-06
cat__SIFRA_KO_1179,7.269759375440753e-06
cat__settlement_SLOVENSKI JAVORNIK,7.259000001575604e-06
cat__settlement_SLIVNICA PRI MARIBORU,7.244580367188433e-06
cat__SIFRA_KO_1300,7.117503866357956e-06
cat__settlement_BISTRICA PRI TRŽIČU,7.0860629640037106e-06
cat__SIFRA_KO_2120,7.05410713407824e-06
cat__settlement_ŽUŽEMBERK,7.048344902274354e-06
cat__ko_name_ŠENTJUR PRI CELJU,7.0298904000935736e-06
cat__ko_name_STARA VAS,7.002976170842345e-06
cat__settlement_PRAGERSKO,6.918011953614754e-06
cat__settlement_DIVAČA,6.917606560672704e-06
cat__SIFRA_KO_693,6.886217344607356e-06
cat__ko_name_RUDNIK,6.81026965798007e-06
cat__ko_name_VODICE,6.794952067817334e-06
cat__ko_name_HRAŠE,6.763141460429604e-06
cat__ko_name_SLOVENSKE KONJICE,6.7542910321646526e-06
cat__municipality_MORAVČE,6.741416401895666e-06
cat__SIFRA_KO_2029,6.7347768021300515e-06
cat__ko_name_STARI DVOR,6.730211170401767e-06
cat__settlement_LAVRICA,6.711744017175143e-06
cat__settlement_SPODNJE HOČE,6.634032260975614e-06
cat__settlement_OPLOTNICA,6.6142297001084955e-06
cat__municipality_TRZIN,6.573923285246323e-06
cat__municipality_SEŽANA,6.564110781266565e-06
cat__ko_name_RIMSKE TOPLICE,6.5572924428904165e-06
cat__municipality_ŽIRI,6.549167043534585e-06
cat__ko_name_ŽUPANJE NJIVE,6.544628070323486e-06
cat__SIFRA_KO_2650,6.534741206122645e-06
cat__ko_name_METLIKA,6.531742857939799e-06
cat__SIFRA_KO_2155,6.4771801395530275e-06
cat__SIFRA_KO_1379,6.4760367087829135e-06
cat__municipality_METLIKA,6.422403274601129e-06
cat__settlement_KISOVEC,6.397279824846912e-06
cat__SIFRA_KO_1051,6.382654047457642e-06
cat__SIFRA_KO_1757,6.341307126356022e-06
cat__ko_name_GORENJA STRAŽA,6.327944215833026e-06
cat__ko_name_BRŠLJIN,6.322159048546398e-06
cat__municipality_GORENJA VAS-POLJANE,6.2218295294593715e-06
cat__ko_name_SEVNICA,6.207289817472862e-06
cat__SIFRA_KO_864,6.167948817213735e-06
cat__settlement_TRZIN,6.155660399476397e-06
cat__SIFRA_KO_2136,6.136987959548325e-06
cat__SIFRA_KO_1884,6.099350978494216e-06
cat__ko_name_ŽUŽEMBERK,6.05913941105366e-06
cat__municipality_PODČETRTEK,6.047615974999833e-06
cat__settlement_VERPETE,6.029897588039621e-06
cat__settlement_ŽIRI,5.991577093385573e-06
cat__ko_name_LOKE PRI ZAGORJU,5.983642685435923e-06
cat__ko_name_DIVAČA,5.9751325197155485e-06
cat__SIFRA_KO_1515,5.959316552679765e-06
cat__SIFRA_KO_566,5.9549358700806556e-06
cat__SIFRA_KO_2144,5.907171959784003e-06
cat__settlement_DOLNJA KOŠANA,5.891084527435975e-06
cat__ko_name_RADOHOVA VAS,5.888329777376733e-06
cat__ko_name_SEŽANA,5.88228774547934e-06
cat__settlement_NAZARJE,5.857107140890767e-06
cat__ko_name_DESKLE,5.838198249703527e-06
cat__SIFRA_KO_1436,5.78754081891883e-06
cat__settlement_SEŽANA,5.698192869769997e-06
cat__settlement_ROGATEC,5.682598131148074e-06
cat__SIFRA_KO_1758,5.681638913542365e-06
cat__SIFRA_KO_2016,5.589406704367378e-06
cat__ko_name_NADGORICA,5.58595371095594e-06
cat__ko_name_SPODNJA MUTA,5.581439827501513e-06
cat__settlement_KIDRIČEVO,5.5580218672178245e-06
cat__ko_name_DOLENJI LOGATEC,5.5500050384679375e-06
cat__SIFRA_KO_2004,5.531945040085306e-06
cat__settlement_VUZENICA,5.528825815587531e-06
cat__SIFRA_KO_541,5.494164641658595e-06
cat__SIFRA_KO_1229,5.48239974458268e-06
cat__settlement_GABROVKA,5.4743597640867385e-06
cat__settlement_BOHINJSKA BISTRICA,5.4726389904979835e-06
cat__settlement_SV. TRIJE KRALJI V SLOV. GOR.,5.4711196624893e-06
cat__ko_name_KRIŽE,5.460449265715612e-06
cat__settlement_RENČE,5.4492406971921985e-06
cat__ko_name_STUDOR,5.438650884203404e-06
cat__municipality_MUTA,5.42564205893057e-06
cat__ko_name_BILJANA,5.415259085830143e-06
cat__SIFRA_KO_1350,5.40147260048027e-06
cat__settlement_SENOŽEČE,5.388903409312555e-06
cat__SIFRA_KO_2452,5.385538656370902e-06
cat__settlement_HRUŠICA,5.384219026254908e-06
cat__ko_name_RAKEK,5.379868980783698e-06
cat__SIFRA_KO_2633,5.363602170394432e-06
cat__ko_name_MEDVODE,5.34338272960881e-06
cat__ko_name_MISLINJA,5.339708975805821e-06
cat__SIFRA_KO_696,5.270826818805756e-06
cat__ko_name_HRPELJE,5.239727695035261e-06
cat__ko_name_SPODNJA SELNICA,5.239543862725311e-06
cat__settlement_SELNICA OB DRAVI,5.233618049394292e-06
cat__SIFRA_KO_984,5.224493196300991e-06
cat__ko_name_SLIVNICA,5.217860456988624e-06
cat__SIFRA_KO_1766,5.2047742397988156e-06
cat__ko_name_DEBRO,5.200776894442327e-06
cat__settlement_ŠENTJUR,5.1727492326351e-06
cat__SIFRA_KO_425,5.142568158975198e-06
cat__settlement_PRESERJE PRI RADOMLJAH,5.1340748551487115e-06
cat__settlement_MUTA,5.11375608220602e-06
cat__settlement_MIKLAVŽ NA DRAVSKEM POLJU,5.108556634941962e-06
cat__settlement_MORAVČE,5.0998228488544815e-06
cat__SIFRA_KO_807,5.096537139965782e-06
cat__ko_name_MIKLAVŽ NA DRAVSKEM POLJU,5.094290100961177e-06
cat__ko_name_BOROVNICA,5.077989634370234e-06
cat__ko_name_BOHINJSKA BISTRICA,5.061508488049713e-06
cat__ko_name_DOBRAČEVA,5.020782911840169e-06
cat__SIFRA_KO_2378,5.0196317071920115e-06
cat__settlement_DESKLE,5.003308913429078e-06
cat__SIFRA_KO_2269,5.001643585574992e-06
cat__SIFRA_KO_813,4.946475058728233e-06
cat__ko_name_RUPA,4.915954120960139e-06
cat__ko_name_KOBILJE,4.913651426827077e-06
cat__municipality_KOBILJE,4.911005907052484e-06
cat__SIFRA_KO_2021,4.899213883015855e-06
cat__settlement_BISTRICA OB DRAVI,4.863609030966816e-06
cat__municipality_ROGAŠOVCI,4.797182954504195e-06
cat__SIFRA_KO_1955,4.747035562390705e-06
cat__ko_name_ROGATEC,4.739078989210192e-06
cat__ko_name_BISTRICA PRI RUŠAH,4.730367087154241e-06
cat__settlement_BOROVNICA,4.716321066870431e-06
cat__SIFRA_KO_2017,4.672674736676773e-06
cat__ko_name_VERPETE,4.640563279006721e-06
cat__ko_name_SLADKI VRH,4.622687629662019e-06
cat__SIFRA_KO_1796,4.611051392823215e-06
cat__SIFRA_KO_2101,4.605595318977883e-06
cat__SIFRA_KO_716,4.539922488114435e-06
cat__SIFRA_KO_567,4.531244002680513e-06
cat__ko_name_LOVRENC NA DRAVSKEM POLJU,4.509440636946402e-06
cat__settlement_DRAGOMELJ,4.4979889958974364e-06
cat__municipality_HRPELJE-KOZINA,4.492466697220639e-06
cat__SIFRA_KO_2276,4.479164302604817e-06
cat__SIFRA_KO_1447,4.372900328618668e-06
cat__ko_name_ZABUKOVICA,4.3717688751030925e-06
cat__SIFRA_KO_2200,4.3282329819102525e-06
cat__settlement_MIRNA,4.310754304162159e-06
cat__settlement_HUDINJA,4.274945689033143e-06
cat__SIFRA_KO_631,4.271618668491996e-06
cat__ko_name_PODČETRTEK,4.259554752476323e-06
cat__SIFRA_KO_1541,4.255928810295416e-06
cat__ko_name_GROSUPLJE - NASELJE,4.246646293767335e-06
cat__municipality_MISLINJA,4.239726276196991e-06
cat__SIFRA_KO_2171,4.188722769185917e-06
cat__SIFRA_KO_1696,4.1817111995817784e-06
cat__municipality_KIDRIČEVO,4.17871905726026e-06
cat__SIFRA_KO_2494,4.136579868309286e-06
cat__settlement_SPODNJE GAMELJNE,4.097213975103193e-06
cat__SIFRA_KO_2285,4.0942277450567265e-06
cat__ko_name_MIRNA,4.092215719348308e-06
cat__ko_name_DRAGOMELJ,4.039079582056725e-06
cat__settlement_KASAZE,4.023177092773394e-06
cat__settlement_AJDOVŠČINA,3.999380019121325e-06
cat__SIFRA_KO_638,3.971159717751131e-06
cat__settlement_HRPELJE,3.966889296083192e-06
cat__settlement_GORENJA VAS,3.96101303072379e-06
cat__municipality_SOLČAVA,3.9600516917149295e-06
cat__settlement_ZABUKOVICA,3.953402696597385e-06
cat__settlement_STARA FUŽINA,3.940629487650481e-06
cat__municipality_ŽUŽEMBERK,3.926310689002091e-06
cat__SIFRA_KO_518,3.925381919996766e-06
cat__ko_name_SPODNJE HOČE,3.923639547103526e-06
cat__SIFRA_KO_2447,3.903770885596829e-06
cat__ko_name_KRŠKO,3.902137099093729e-06
cat__ko_name_ZGORNJA MUTA,3.886880691693332e-06
cat__ko_name_SOLČAVA,3.831915700936627e-06
cat__settlement_RAČE,3.7936961502972205e-06
cat__settlement_LIMBUŠ,3.7724055528711923e-06
cat__SIFRA_KO_1003,3.7510211047982007e-06
cat__settlement_POLJČANE,3.7459031106686153e-06
cat__SIFRA_KO_742,3.722019821180419e-06
cat__SIFRA_KO_144,3.710498221821609e-06
cat__municipality_ŠENČUR,3.708276592724415e-06
cat__SIFRA_KO_2455,3.7030832334504778e-06
cat__area_source_PRODANA_POVRSINA,3.678216539019014e-06
cat__SIFRA_KO_1178,3.676469210892892e-06
cat__settlement_DOLSKO,3.666366223619118e-06
cat__ko_name_GAMELJNE,3.6661981837673814e-06
cat__SIFRA_KO_1749,3.6595091187729753e-06
cat__SIFRA_KO_592,3.651771300319561e-06
cat__SIFRA_KO_808,3.6347434125570237e-06
cat__SIFRA_KO_2322,3.626635657761303e-06
cat__settlement_BEZENA,3.6210306528080203e-06
cat__SIFRA_KO_1476,3.618501654957445e-06
cat__ko_name_MORAVČE,3.6066606331428944e-06
cat__municipality_DOBREPOLJE,3.5425863897095055e-06
cat__SIFRA_KO_663,3.5110042095196787e-06
cat__ko_name_CETORE,3.5080815851819744e-06
cat__SIFRA_KO_1891,3.5060990337260952e-06
cat__ko_name_LETUŠ,3.497556282920811e-06
cat__settlement_DOBROVO,3.4869432872625082e-06
cat__settlement_LESCE,3.4751552615451936e-06
cat__ko_name_VRHPOLJE,3.4543025584501754e-06
cat__settlement_KAMNICA,3.4244044310070535e-06
cat__ko_name_TRIJE KRALJI,3.415951381517984e-06
cat__settlement_ŠENTJERNEJ,3.4135512927421285e-06
cat__SIFRA_KO_1935,3.4041163168606503e-06
cat__SIFRA_KO_2147,3.4022945210508046e-06
cat__settlement_SLADKI VRH,3.3880598367758858e-06
cat__area_source_PRODANA_POVRSINA_DELA_STAVBE,3.3876457436462777e-06
cat__SIFRA_KO_1356,3.376460942575429e-06
cat__municipality_KOMENDA,3.3714536848602373e-06
cat__SIFRA_KO_1863,3.342890956584102e-06
cat__SIFRA_KO_1322,3.320336075016111e-06
cat__settlement_SVETI JURIJ,3.3014106136436312e-06
cat__settlement_PODKRAJ,3.2846465755797635e-06
cat__SIFRA_KO_763,3.2497980693006737e-06
cat__SIFRA_KO_1937,3.2293080658643756e-06
cat__settlement_RIBNICA,3.228162438806174e-06
cat__ko_name_PODKRAJ,3.1839206370205832e-06
cat__ko_name_HOMEC,3.155711791466484e-06
cat__ko_name_PEKRE,3.1513308942100183e-06
cat__settlement_TURNIŠČE,3.142040309749286e-06
cat__SIFRA_KO_920,3.1255502114098044e-06
cat__SIFRA_KO_1026,3.122107242285475e-06
cat__SIFRA_KO_1410,3.1171983399410727e-06
cat__ko_name_SOLKAN,3.112643709943737e-06
cat__NOVOGRADNJA_0.0,3.1050292950588044e-06
cat__municipality_ŠKOFLJICA,3.097642270781952e-06
cat__SIFRA_KO_636,3.096744573131621e-06
cat__municipality_DOLENJSKE TOPLICE,3.0849926951046534e-06
cat__ko_name_BISTRICA PRI LIMBUŠU,3.0821734876107997e-06
cat__municipality_PESNICA,3.0658616063363682e-06
cat__ko_name_ZGORNJA VELKA,3.049758091076147e-06
cat__SIFRA_KO_1844,3.0494877975227047e-06
cat__municipality_BRDA,3.038410528277503e-06
cat__settlement_MEŽICA,3.031140555028955e-06
cat__ko_name_IHAN,3.0261000000402007e-06
cat__settlement_STRAŽA,3.0186340549796985e-06
cat__municipality_MENGEŠ,3.0140316627827878e-06
cat__settlement_TRNOVLJE PRI CELJU,3.01259452092061e-06
cat__ko_name_ROVA,3.011109160206848e-06
cat__municipality_BOROVNICA,2.984443208382858e-06
cat__SIFRA_KO_2062,2.9685620152762723e-06
cat__ko_name_PLAČ,2.93643916592221e-06
cat__SIFRA_KO_520,2.927078093975319e-06
cat__SIFRA_KO_1938,2.9125758481434644e-06
cat__SIFRA_KO_1002,2.9056430532489506e-06
cat__settlement_SOLČAVA,2.9011434211569835e-06
cat__SIFRA_KO_2198,2.889798607089005e-06
cat__settlement_ŠENČUR,2.887506451838895e-06
cat__municipality_LOŠKA DOLINA,2.8866260718372457e-06
cat__SIFRA_KO_2165,2.877371790238057e-06
cat__ko_name_RAČE,2.8679472330666867e-06
cat__SIFRA_KO_1964,2.8665407798362437e-06
cat__settlement_PODČETRTEK,2.8530251548570678e-06
cat__ko_name_BRDO,2.842009824028321e-06
cat__SIFRA_KO_34,2.840948922761453e-06
cat__ko_name_BRESTANICA,2.813853226323574e-06
cat__settlement_LAČJA VAS,2.787448019418435e-06
cat__SIFRA_KO_2157,2.7840207493404134e-06
cat__municipality_MIRNA,2.7648967736340737e-06
cat__ko_name_LAŠKO,2.7588521739086626e-06
cat__settlement_DUPLJE,2.7389381379333332e-06
cat__ko_name_LIMBUŠ,2.7335774002560696e-06
cat__ko_name_KANAL,2.724410849709448e-06
cat__municipality_VERŽEJ,2.6972120047751217e-06
cat__settlement_IHAN,2.687655526919891e-06
cat__settlement_BENEDIKT,2.6562073800772326e-06
cat__ko_name_LOM POD STORŽIČEM,2.6346705989206285e-06
cat__ko_name_TOPLICE,2.6332817800965785e-06
cat__settlement_SPODNJA IDRIJA,2.5528581534966657e-06
cat__settlement_CERŠAK,2.527321774689661e-06
cat__settlement_ZAPUŽE,2.4992026349596402e-06
cat__SIFRA_KO_2608,2.4973078531874296e-06
cat__SIFRA_KO_676,2.496557287136767e-06
cat__settlement_PLAČ,2.494112895222478e-06
cat__ko_name_MOZIRJE,2.4890488583426687e-06
cat__ko_name_ŠKOFIJE,2.4756822816928936e-06
cat__SIFRA_KO_2706,2.472820391517139e-06
cat__ko_name_ZELENA JAMA,2.4569031698883356e-06
cat__settlement_MENGEŠ,2.456467227374159e-06
cat__ko_name_RIHTAROVCI,2.4449901652807335e-06
cat__settlement_SPODNJE ŠKOFIJE,2.4357921741814466e-06
cat__settlement_LAPORJE,2.3733032023202244e-06
cat__ko_name_BREG OB SAVI,2.365144074107574e-06
cat__settlement_ČRNA PRI KAMNIKU,2.3459566004385875e-06
cat__GRADBENA_FAZA_6.0,2.326781457061012e-06
cat__ko_name_KRČEVINA,2.3255382061350737e-06
cat__settlement_SPODNJE JEZERSKO,2.314533436118697e-06
cat__ko_name_SENOŽEČE,2.3110786680582304e-06
cat__ko_name_KAMNICA,2.3038120648675345e-06
cat__SIFRA_KO_2628,2.279757661216912e-06
cat__SIFRA_KO_2560,2.2789048017790796e-06
cat__ko_name_BREZJE,2.273392018484947e-06
cat__ko_name_ZGORNJA POLSKAVA,2.2630712325094063e-06
cat__municipality_SEMIČ,2.2600514990384363e-06
cat__SIFRA_KO_1357,2.256336960381147e-06
cat__SIFRA_KO_595,2.2492670178565264e-06
cat__ko_name_VUZENICA,2.2229813453692358e-06
cat__SIFRA_KO_779,2.216038412145438e-06
cat__municipality_TURNIŠČE,2.201699586138968e-06
cat__ko_name_ŠMARTNO POD ŠMARNO GORO,2.1988800126606715e-06
cat__municipality_ŽIROVNICA,2.1980129267544498e-06
cat__settlement_MOZIRJE,2.180322951433656e-06
cat__ko_name_STUDENO,2.1628877132932037e-06
cat__SIFRA_KO_2595,2.1620935196479767e-06
cat__settlement_ŠEMPETER V SAVINJ. DOLINI,2.10374987707142e-06
cat__settlement_PONIKVE,2.091747030872018e-06
cat__SIFRA_KO_2315,2.086738338709191e-06
cat__SIFRA_KO_2392,2.0661342176831566e-06
cat__municipality_ŠEMPETER-VRTOJBA,2.036741739059009e-06
cat__municipality_DOL PRI LJUBLJANI,2.023297094059475e-06
cat__settlement_ŠMARTNO,2.021499581182376e-06
cat__SIFRA_KO_853,2.012170824001024e-06
cat__SIFRA_KO_1733,2.008686128295907e-06
cat__ko_name_ŠENČUR,1.9935346687554344e-06
cat__settlement_HOČKO POHORJE,1.9652396903555175e-06
cat__ko_name_ZGORNJE PIRNIČE,1.934051318027326e-06
cat__ko_name_HRUŠICA,1.9075060619444055e-06
cat__SIFRA_KO_1298,1.9060995841986672e-06
cat__ko_name_SVETI JURIJ,1.8801727117555407e-06
cat__SIFRA_KO_2161,1.8766473344255611e-06
cat__municipality_RENČE-VOGRSKO,1.8675104176813752e-06
cat__SIFRA_KO_1495,1.8668721315613307e-06
cat__ko_name_LESKOVEC,1.8663180521875948e-06
cat__SIFRA_KO_699,1.8630078963846409e-06
cat__ko_name_ŠMARTNO PRI SLOVENJ GRADCU,1.8590987386967418e-06
cat__SIFRA_KO_2682,1.8505071700355526e-06
cat__SIFRA_KO_995,1.8467368456462715e-06
cat__SIFRA_KO_889,1.8466149330536169e-06
cat__settlement_MOSTE,1.8400420759653044e-06
cat__municipality_JEZERSKO,1.8394086112408436e-06
cat__municipality_ŠENTJERNEJ,1.8338225776580584e-06
cat__SIFRA_KO_664,1.8220331446991698e-06
cat__settlement_ŠMARTNO PRI LITIJI,1.8128457213862199e-06
cat__settlement_SOLKAN,1.8127356205287913e-06
cat__settlement_ŠMARJE PRI JELŠAH,1.809828981214736e-06
cat__settlement_ZGORNJA VELKA,1.7932262431694344e-06
cat__settlement_SV. ANTON,1.7865439084080067e-06
cat__settlement_ZRKOVCI,1.7659964707227925e-06
cat__ko_name_RDEČI BREG II,1.7526444329995431e-06
cat__SIFRA_KO_2715,1.7495923281544453e-06
cat__settlement_ZGORNJA POLSKAVA,1.7338730971936912e-06
cat__SIFRA_KO_2180,1.7163390291688577e-06
cat__municipality_BRASLOVČE,1.7162462549994805e-06
cat__ko_name_STOLOVNIK,1.7050039519778612e-06
cat__ko_name_RAVEN,1.6843822347550594e-06
cat__SIFRA_KO_2057,1.6571221810610233e-06
cat__settlement_KOBILJE,1.6468733912083762e-06
cat__ko_name_ZALOŠE,1.6422279772520502e-06
cat__ko_name_TRNOVLJE,1.6332488185430321e-06
cat__ko_name_LOKA,1.6326381680215583e-06
cat__SIFRA_KO_2492,1.594404144435146e-06
cat__settlement_VRANJI VRH,1.5935018184652963e-06
cat__settlement_PLINTOVEC,1.5673007084131954e-06
cat__ko_name_BENEDIKT,1.5312660064107553e-06
cat__settlement_DOBRAVA,1.5296874377919565e-06
cat__SIFRA_KO_910,1.5226321215142432e-06
cat__ko_name_SEMIČ,1.5110259404791272e-06
cat__ko_name_DOVJE,1.5104812733299624e-06
cat__SIFRA_KO_200,1.5078798850891386e-06
cat__ko_name_OPLOTNICA,1.500481811494699e-06
cat__ko_name_PREKOPA,1.4950773407705025e-06
cat__settlement_DOLENJSKE TOPLICE,1.492634159221564e-06
cat__ko_name_MENGEŠ,1.491709068291142e-06
cat__SIFRA_KO_1242,1.4756799151101854e-06
cat__settlement_KANAL,1.4747314868800792e-06
cat__ko_name_PREDTRG,1.4600000667428278e-06
cat__ko_name_STARI TRG PRI LOŽU,1.4483367513260147e-06
cat__ko_name_PRESKA,1.4461477026603342e-06
cat__SIFRA_KO_938,1.445819241219323e-06
cat__ko_name_TRNJE,1.4261937616435006e-06
cat__SIFRA_KO_1105,1.4216139039251537e-06
cat__ko_name_KOKARJE,1.4175977497259047e-06
cat__ko_name_BREZOVICA,1.412127775460691e-06
cat__settlement_VINTAROVCI,1.3988982100166723e-06
cat__ko_name_RENČE,1.3925323243989444e-06
cat__ko_name_ŠKALCE,1.3902816854853647e-06
cat__ko_name_CESTA,1.3883759522980903e-06
cat__SIFRA_KO_563,1.384237327408756e-06
cat__municipality_MEŽICA,1.3679385719124435e-06
cat__settlement_ŠMARJE-SAP,1.3675930229528572e-06
cat__municipality_DOBRNA,1.3658625804002096e-06
cat__SIFRA_KO_237,1.354415548831035e-06
cat__municipality_CERKLJE NA GORENJSKEM,1.351298384662043e-06
cat__municipality_VIDEM,1.351258076577159e-06
cat__ko_name_ŠTALCERJI,1.3504446698342522e-06
cat__ko_name_PLINTOVEC,1.348222369181686e-06
cat__settlement_PRVAČINA,1.3453578532128784e-06
cat__settlement_STARI TRG PRI LOŽU,1.3340398759982607e-06
cat__SIFRA_KO_77,1.3337204798886459e-06
cat__settlement_VIR,1.3293138545852123e-06
cat__settlement_MARTJANCI,1.3248558122786658e-06
cat__SIFRA_KO_149,1.2877606521826861e-06
cat__settlement_SEMIČ,1.2859928844190707e-06
cat__SIFRA_KO_107,1.2858135176971564e-06
cat__SIFRA_KO_1056,1.280883773622677e-06
cat__ko_name_MARTJANCI,1.2787530356390492e-06
cat__SIFRA_KO_2178,1.2718329411599277e-06
cat__ko_name_VELIKA NEDELJA,1.2669206570638483e-06
cat__ko_name_KROPA,1.265426885028733e-06
cat__ko_name_PODLJUBELJ,1.2648291015389202e-06
cat__SIFRA_KO_2119,1.263325383853936e-06
cat__SIFRA_KO_1750,1.2609435888290727e-06
cat__settlement_ŠMARJE,1.2569211822696546e-06
cat__SIFRA_KO_1976,1.2430236996041262e-06
cat__settlement_KROPA,1.2369502192961455e-06
cat__settlement_LUČE,1.2354389739911879e-06
cat__settlement_ROŽNI DOL,1.2230564769791202e-06
cat__ko_name_ŠMARJE PRI JELŠAH,1.2205974586913486e-06
cat__municipality_SVETA ANA,1.2165633284744709e-06
cat__settlement_BELTINCI,1.2114391672179503e-06
cat__ko_name_BIZOVIK,1.209564850161064e-06
cat__ko_name_DVORI NAD IZOLO,1.183132650315116e-06
cat__settlement_PEKRE,1.1819503516734626e-06
cat__ko_name_ŠENTJERNEJ,1.1752851226367308e-06
cat__ko_name_VINTAROVCI,1.1751085260410783e-06
cat__SIFRA_KO_2142,1.1741437491267122e-06
cat__settlement_KRAŠCE,1.1727480892084536e-06
cat__SIFRA_KO_2303,1.1626797751113667e-06
cat__settlement_JUROVSKI DOL,1.1497551229242206e-06
cat__ko_name_STRUŽEVO,1.1133923103438258e-06
cat__SIFRA_KO_656,1.1118032185627146e-06
cat__SIFRA_KO_1540,1.101155000348476e-06
cat__SIFRA_KO_1974,1.0990728912049144e-06
cat__SIFRA_KO_1786,1.0938051772162618e-06
cat__ko_name_ZAKOT,1.0894735049123954e-06
cat__settlement_LEVEC,1.088637257138397e-06
cat__settlement_AMBROŽ POD KRVAVCEM,1.0817183258442452e-06
cat__municipality_DUPLEK,1.0786598456002119e-06
cat__ko_name_SVETI ANTON,1.0691032226175083e-06
cat__SIFRA_KO_2172,1.067224407685603e-06
cat__ko_name_ŠENTJANŽ NAD DRAVČAMI,1.0648481873452245e-06
cat__settlement_ZGORNJE PIRNIČE,1.0581964492084726e-06
cat__ko_name_MEŽICA,1.0572958254742694e-06
cat__municipality_VIPAVA,1.0286806194643342e-06
cat__SIFRA_KO_682,1.022615606944837e-06
cat__SIFRA_KO_1522,1.012175089302825e-06
cat__ko_name_CERŠAK,1.0054697906003793e-06
cat__ko_name_ZRKOVCI,1.0036726162964738e-06
cat__municipality_KOBARID,9.99006084413834e-07
cat__settlement_VUHRED,9.945021286009007e-07
cat__ko_name_ŠEMPETER,9.940779654831543e-07
cat__settlement_POBEGI,9.906341696566562e-07
cat__ko_name_BELTINCI,9.81408015405482e-07
cat__ko_name_KASAZE,9.750003895078759e-07
cat__SIFRA_KO_1299,9.635471906475036e-07
cat__SIFRA_KO_2077,9.619170348259639e-07
cat__municipality_PUCONCI,9.478582124911152e-07
cat__ko_name_SLAVINA,9.43607364013542e-07
cat__SIFRA_KO_896,9.418257419554023e-07
cat__settlement_SEČOVLJE,9.329636853661668e-07
cat__ko_name_JUROVSKI DOL,9.293536297229457e-07
cat__SIFRA_KO_692,9.259275586672404e-07
cat__SIFRA_KO_2151,9.204918642106874e-07
cat__ko_name_DOBRNA,9.17422326891597e-07
cat__settlement_PRESTRANEK,9.154982007060733e-07
cat__ko_name_PREVALJE,8.992848463009964e-07
cat__ko_name_GABERNIK,8.985689356005688e-07
cat__ko_name_TURNIŠČE,8.939950075738778e-07
cat__SIFRA_KO_1010,8.915410336423582e-07
cat__settlement_PODNART,8.906875625099282e-07
cat__settlement_STRUNJAN,8.903499962862793e-07
cat__settlement_KOLOVEC,8.886993828694992e-07
cat__settlement_ŠENTVID PRI GROBELNEM,8.854632922681915e-07
cat__settlement_ROVTE,8.630169529758917e-07
cat__settlement_SPODNJI DUPLEK,8.605094671736486e-07
cat__SIFRA_KO_2098,8.560058162499888e-07
cat__ko_name_RADENCI,8.491240654140144e-07
cat__ko_name_HOČKO POHORJE,8.44402379953658e-07
cat__ko_name_STANEŽIČE,8.353258750901668e-07
cat__settlement_VELIKE BRUSNICE,8.303872021313106e-07
cat__ko_name_ŠMIHEL,8.296173980130727e-07
cat__settlement_MOJSTRANA,8.256154783928158e-07
cat__SIFRA_KO_131,8.134252202657361e-07
cat__settlement_PODVELKA,8.110141316387252e-07
cat__ko_name_ŠEMPETER V SAVINJSKI DOLINI,8.101130700046213e-07
cat__ko_name_KOZJE,7.858610796655627e-07
cat__municipality_VRANSKO,7.708657135200704e-07
cat__settlement_RATEČE,7.700985325179935e-07
cat__ko_name_ČIRČE,7.645905569471638e-07
cat__SIFRA_KO_2107,7.565237464450442e-07
cat__SIFRA_KO_948,7.505399131245224e-07
cat__settlement_DOBRNA,7.490398251066601e-07
cat__settlement_ČEPLJE,7.393270871345399e-07
cat__ko_name_TOPOLŠICA,7.363538841727711e-07
cat__ko_name_PRIBIŠJE,7.283555227517216e-07
cat__ko_name_BODREŽ,7.279828455124118e-07
cat__SIFRA_KO_1073,7.238865000749179e-07
cat__ko_name_BEGUNJE,7.162888696305125e-07
cat__SIFRA_KO_1752,6.935029069565908e-07
cat__settlement_DONAČKA GORA,6.837230391358634e-07
cat__SIFRA_KO_1717,6.760123495410276e-07
cat__settlement_VERŽEJ,6.756973938388468e-07
cat__SIFRA_KO_514,6.718623245243254e-07
cat__SIFRA_KO_1637,6.701041718124539e-07
cat__SIFRA_KO_1027,6.66151964032486e-07
cat__SIFRA_KO_1203,6.652769051187029e-07
cat__settlement_DRAGONJA,6.623649494537058e-07
cat__municipality___MISSING__,6.501701959303505e-07
cat__SIFRA_KO_2189,6.493944452487069e-07
cat__settlement_PODGRADJE,6.366471166864406e-07
cat__settlement_JELENDOL,6.245924617039447e-07
cat__SIFRA_KO_2112,6.210206398478642e-07
cat__SIFRA_KO_1702,6.138913740395922e-07
cat__settlement_ŠMARTNO PRI SLOVENJ GRADCU,6.086950552912115e-07
cat__settlement_LJUBEČNA,6.063408865464635e-07
cat__settlement_TEHARJE,6.015377279676683e-07
cat__SIFRA_KO_2629,5.988048359645488e-07
cat__settlement_PUCONCI,5.985850979273174e-07
cat__ko_name_RAZVANJE,5.931487652964671e-07
cat__settlement_KOZJE,5.890883908759004e-07
cat__ko_name_PRVAČINA,5.889516804488464e-07
cat__SIFRA_KO_1948,5.863678839401e-07
cat__ko_name_REČICA,5.84596493919545e-07
cat__ko_name_KRIVI VRH,5.726620792567971e-07
cat__settlement_OBREŽJE,5.658520468842435e-07
cat__SIFRA_KO_2123,5.649020210869723e-07
cat__SIFRA_KO_1626,5.59901756114593e-07
cat__SIFRA_KO_2223,5.548540285856125e-07
cat__ko_name_ŽELEZNIKI,5.487153711972838e-07
cat__municipality_DESTRNIK,5.474089985923638e-07
cat__SIFRA_KO_234,5.467507704392669e-07
cat__ko_name_GRLAVA,5.464379584796177e-07
cat__SIFRA_KO_891,5.441127156847584e-07
cat__settlement_KALCE,5.425017536127795e-07
cat__SIFRA_KO_1479,5.418567273902865e-07
cat__settlement_KOROŠKA BELA,5.410282215566545e-07
cat__settlement_SVETI JURIJ OB ŠČAVNICI,5.392077294147341e-07
cat__ko_name_BRASLOVČE,5.364848941307129e-07
cat__SIFRA_KO_2211,5.350441942565997e-07
cat__settlement_ČEŠENIK,5.34330343077527e-07
cat__settlement_KOBARID,5.317940856877384e-07
cat__SIFRA_KO_201,5.273215400042504e-07
cat__SIFRA_KO_1956,5.180825408700033e-07
cat__SIFRA_KO_1321,5.136928798755257e-07
cat__ko_name_KOROŠKA BELA,5.125759877328799e-07
cat__settlement_MIHOVCI PRI VEL. NEDELJI,5.104890725191942e-07
cat__ko_name_KOTLJE,5.079428995407533e-07
cat__SIFRA_KO_2087,5.073629171002549e-07
cat__settlement_NOTRANJE GORICE,5.045106178721689e-07
cat__ko_name_KRAŠCE,4.963210151321276e-07
cat__ko_name_VUHRED,4.939185890537863e-07
cat__SIFRA_KO_812,4.902469834232529e-07
cat__SIFRA_KO_1200,4.7187508224180484e-07
cat__SIFRA_KO_2079,4.698825416756047e-07
cat__SIFRA_KO_529,4.686346069728507e-07
cat__settlement_ŠMARTNO OB PAKI,4.685315350044018e-07
cat__ko_name_SPODNJI DUPLEK,4.647541643474232e-07
cat__ko_name_LATKOVA VAS,4.5759044786558005e-07
cat__SIFRA_KO_606,4.5734063304227977e-07
cat__SIFRA_KO_252,4.5434115322241765e-07
cat__ko_name_DOB,4.531700269263108e-07
cat__settlement_SPODNJE PRELOGE,4.4155219149061317e-07
cat__settlement_KOZINA,4.368338035488005e-07
cat__SIFRA_KO_1527,4.3571012504897974e-07
cat__settlement_SV. ANA V SLOV. GORICAH,4.324286135587208e-07
cat__settlement_BANOVCI,4.3134752989548455e-07
cat__SIFRA_KO_1724,4.300534883652995e-07
cat__ko_name_ŠTRIHOVEC,4.262283371144145e-07
cat__settlement_KOTLJE,4.2316922489313493e-07
cat__ko_name_ŠENTURŠKA GORA,4.220940276558478e-07
cat__SIFRA_KO_1175,4.187172628708263e-07
cat__SIFRA_KO_1933,4.18519849986437e-07
cat__ko_name_MALIJA,4.1618503658093904e-07
cat__municipality_ŠENTRUPERT,4.1394034315661696e-07
cat__SIFRA_KO_743,4.1065847493402717e-07
cat__SIFRA_KO_1474,3.9276151800913925e-07
cat__settlement_TOPOLŠICA,3.852099445807276e-07
cat__ko_name_VERŽEJ,3.8404011869853446e-07
cat__municipality_SVETI JURIJ V SLOVENSKIH GORICAH,3.82124869866928e-07
cat__SIFRA_KO_2316,3.8193813099424763e-07
cat__SIFRA_KO_364,3.7789970829227784e-07
cat__SIFRA_KO_1809,3.7428220503526616e-07
cat__ko_name_STARŠE,3.736032182326408e-07
cat__ko_name_ŽIROVNICA,3.665579102156377e-07
cat__SIFRA_KO_582,3.6072696883137574e-07
cat__ko_name_KAPLJA VAS,3.5593514457140394e-07
cat__settlement_ŠEMPETER PRI GORICI,3.535776134210437e-07
cat__settlement_ZABORŠT,3.4920789962459086e-07
cat__SIFRA_KO_1482,3.433194689263796e-07
cat__ko_name_LUKOVICA,3.392743896147216e-07
cat__settlement_KORTE,3.383196525827749e-07
cat__SIFRA_KO_821,3.338946530594941e-07
cat__settlement_LATKOVA VAS,3.3031806833649574e-07
cat__settlement_MALA NEDELJA,3.298694418532528e-07
cat__settlement_HROVAČA,3.2353034310883803e-07
cat__ko_name_BRUSNICE,3.1880138240490796e-07
cat__ko_name_VRANSKO,3.158961945970916e-07
cat__municipality_KOZJE,3.052002754172664e-07
cat__ko_name_ZAMARKOVA,2.8873890952948293e-07
cat__SIFRA_KO_2071,2.8721173181818176e-07
cat__SIFRA_KO_1905,2.8683292644894997e-07
cat__municipality_PREDDVOR,2.8656526034200286e-07
cat__SIFRA_KO_708,2.8641283255044826e-07
cat__ko_name_SPODNJE JEZERSKO,2.8276700909102437e-07
cat__SIFRA_KO_417,2.8074360673729434e-07
cat__SIFRA_KO_817,2.772516341142501e-07
cat__ko_name_KOKRICA,2.7616417480691996e-07
cat__ko_name_GORIČA VAS,2.7568663988334746e-07
cat__ko_name_VELIKE LAŠČE,2.7518654386414743e-07
cat__ko_name_ČEZSOČA,2.723230184155633e-07
cat__SIFRA_KO_331,2.6991398216796314e-07
cat__SIFRA_KO_2135,2.690629294433786e-07
cat__ko_name_OBREŽJE,2.6898307274770885e-07
cat__municipality_MAKOLE,2.6830333988092996e-07
cat__settlement_MAKOLE,2.661407787501151e-07
cat__ko_name_DRAVINJSKI VRH,2.627039093519765e-07
cat__settlement_BREST,2.61751792873972e-07
cat__ko_name_DRULOVKA,2.581778937609587e-07
cat__municipality_BELTINCI,2.497513157806777e-07
cat__settlement_SLOVENSKA VAS,2.4440866766096065e-07
cat__settlement_KANIŽARICA,2.3470651934203157e-07
cat__settlement_DOB,2.330806627240413e-07
cat__settlement_GABERNIK,2.3307302637497969e-07
cat__SIFRA_KO_513,2.330152761063076e-07
cat__SIFRA_KO_1592,2.0920947844906957e-07
cat__settlement_VIPAVA,2.068495968595056e-07
cat__SIFRA_KO_1790,2.0643482796469966e-07
cat__settlement_KREMBERK,2.036389199263651e-07
cat__ko_name_LANIŠČE,2.0206203133790885e-07
cat__SIFRA_KO_1619,2.0077234380032333e-07
cat__SIFRA_KO_1943,1.9718610067827724e-07
cat__ko_name_BUČKOVCI,1.9658110268187047e-07
cat__settlement_PESNICA PRI MARIBORU,1.9494040280261594e-07
cat__SIFRA_KO_1006,1.9422635219078865e-07
cat__settlement_SEČA,1.9160268376862137e-07
cat__settlement_MIREN,1.9154989728929274e-07
cat__settlement_PLAVJE,1.9075798682840632e-07
cat__SIFRA_KO_2612,1.899259832639346e-07
cat__SIFRA_KO_268,1.8406395098315305e-07
cat__SIFRA_KO_642,1.8170825189596682e-07
cat__ko_name_LUŽE,1.812592852633814e-07
cat__SIFRA_KO_338,1.7984253687025747e-07
cat__ko_name_GOLNIK,1.7946090599776605e-07
cat__SIFRA_KO_2168,1.7434683545953187e-07
cat__ko_name_RANCA,1.713583100667257e-07
cat__SIFRA_KO_987,1.7101277691277518e-07
cat__settlement_GOLNIK,1.6666978012786838e-07
cat__SIFRA_KO_1860,1.6564639786789165e-07
cat__ko_name_ROVTE,1.62545975993359e-07
cat__SIFRA_KO_2313,1.6140973418626644e-07
cat__ko_name_RAGOVO,1.6132690610120194e-07
cat__SIFRA_KO_1012,1.5826269100125814e-07
cat__SIFRA_KO_776,1.5604877014643893e-07
cat__settlement_ČEZSOČA,1.5496778977266432e-07
cat__settlement_ZGORNJE JEZERSKO,1.421732941205681e-07
cat__SIFRA_KO_1761,1.40004417720704e-07
cat__ko_name_TOMIŠELJ,1.3643137379938162e-07
cat__SIFRA_KO_577,1.3637260449503477e-07
cat__SIFRA_KO_1720,1.3502881152629192e-07
cat__settlement_ZGORNJA SELNICA,1.3351680258244462e-07
cat__ko_name_KROMBERK,1.3263698135752915e-07
cat__ko_name_ZGORNJI JAKOBSKI DOL,1.324982161873228e-07
cat__ko_name_ČRNI VRH,1.3184739439258024e-07
cat__ko_name_VERD,1.3054190006926934e-07
cat__ko_name_DOBJA VAS,1.2968433014363658e-07
cat__settlement_GRIŽE,1.2920171641929237e-07
cat__settlement_BEGUNJE NA GORENJSKEM,1.2915692165886426e-07
cat__SIFRA_KO_1861,1.2716324603093958e-07
cat__ko_name_VAČE,1.2620761364663839e-07
cat__municipality_APAČE,1.2586777865420086e-07
cat__SIFRA_KO_565,1.2491121262626683e-07
cat__SIFRA_KO_1904,1.2135957146271324e-07
cat__ko_name_DOBLIČE,1.1738892594151169e-07
cat__SIFRA_KO_712,1.1641043699031897e-07
cat__ko_name_KOBARID,1.1505026407387393e-07
cat__settlement_ZGORNJI JAKOBSKI DOL,1.1399795663193602e-07
cat__SIFRA_KO_550,1.1327147568546337e-07
cat__settlement_RAZVANJE,1.131715733226517e-07
cat__settlement_DOLENJA VAS,1.131452869314823e-07
cat__SIFRA_KO_2246,1.0094753682516687e-07
cat__settlement_LORMANJE,9.529018685480855e-08
cat__SIFRA_KO_2459,9.480953234657156e-08
cat__settlement_VAČE,8.85093213853713e-08
cat__municipality_GORJE,8.838259562177513e-08
cat__settlement_ŠEMPAS,8.741667169787541e-08
cat__municipality_ŠMARTNO OB PAKI,8.734320589552281e-08
cat__settlement_BRASLOVČE,8.697353131568645e-08
cat__ko_name_LOKEV,8.651150362224991e-08
cat__ko_name_NOVA VAS,8.623188191423176e-08
cat__ko_name_ZGORNJA SELNICA,8.513698334160715e-08
cat__settlement_ZGORNJE HOČE,8.325728520971033e-08
cat__ko_name_IŠKA VAS,8.323779777842056e-08
cat__settlement_VIDEM,8.26465751324536e-08
cat__settlement_SPODNJA SLIVNICA,7.529281346519769e-08
cat__ko_name_KOŠAKI,7.517932759157039e-08
cat__settlement_SLAP,7.406293270362135e-08
cat__SIFRA_KO_653,6.955716523674581e-08
cat__ko_name_PUCONCI,6.633107226495145e-08
cat__settlement_SREDIŠČE OB DRAVI,6.506635554991594e-08
cat__settlement_VRTOJBA,6.498636942211758e-08
cat__SIFRA_KO_1832,6.10997249699222e-08
cat__settlement_KOKRICA,5.994443611248892e-08
cat__SIFRA_KO_2102,5.9038888516109166e-08
cat__settlement_MALO HUDO,5.8344991799688747e-08
cat__settlement_VERD,5.5987582955092193e-08
cat__ko_name_POLHOVICA,5.477471539028218e-08
cat__settlement_VITANJE,5.2888998656149974e-08
cat__ko_name_SELNICA OB MURI,4.94626514382027e-08
cat__ko_name_RADOMLJE,4.937949071535177e-08
cat__settlement_STARŠE,4.930670955803874e-08
cat__settlement_ZA KALVARIJO,4.856674406326252e-08
cat__settlement_PUŠENCI,4.8337472341421607e-08
cat__settlement_VRHPOLJE PRI MORAVČAH,4.584424199892048e-08
cat__ko_name_SODRAŽICA,4.512739510593269e-08
cat__ko_name_DOL PRI LJUBLJANI,4.317775228887949e-08
cat__ko_name_PERNICA,4.285033862014793e-08
cat__SIFRA_KO_2320,4.260629267368265e-08
cat__SIFRA_KO_1398,4.0681220960522024e-08
cat__SIFRA_KO_2008,4.010367541179695e-08
cat__ko_name_KREMBERK,3.229573095246964e-08
cat__settlement_ČRNA VAS,2.9449546556959824e-08
cat__SIFRA_KO_1697,2.884240755992123e-08
cat__ko_name_DONAČKA GORA,2.703930258754876e-08
cat__ko_name_MIREN,2.4810797492535095e-08
cat__ko_name_SREDIŠČE,2.454039376168368e-08
cat__settlement_VELIKE LAŠČE,2.373364676133748e-08
cat__SIFRA_KO_333,2.185197671252345e-08
cat__settlement_LOKEV,1.8368463983492382e-08
cat__SIFRA_KO_2003,1.8110353363972792e-08
cat__SIFRA_KO_2076,1.798523677435203e-08
cat__ko_name_JELOVEC,1.4914696046606493e-08
cat__settlement_ŠTALCERJI,1.4824816166980458e-08
cat__municipality_MARKOVCI,1.4445327209484712e-08
cat__SIFRA_KO_2105,1.1141848826113183e-08
cat__settlement_BRITOF,1.0311833268709823e-08
cat__SIFRA_KO_1391,9.518512382744411e-09
cat__settlement_LOG,8.459025736912169e-09
cat__settlement_IŠKA,8.432304835502822e-09
cat__ko_name_ZGORNJE GORJE,7.19112393354016e-09
cat__SIFRA_KO_1707,6.2552270771229884e-09
cat__SIFRA_KO_1022,3.64869347040385e-09
cat__municipality_SREDIŠČE OB DRAVI,1.6732717247546234e-09
cat__ko_name_PUŠENCI,9.838249102303005e-10
cat__ko_name_RATEČE,9.519901589527253e-10
cat__SIFRA_KO_384,0.0
cat__SIFRA_KO_377,0.0
cat__SIFRA_KO_394,0.0
cat__SIFRA_KO_363,0.0
cat__SIFRA_KO_1609,0.0
cat__SIFRA_KO_393,0.0
cat__SIFRA_KO_1550,0.0
cat__SIFRA_KO_2327,0.0
cat__SIFRA_KO_390,0.0
cat__SIFRA_KO_2325,0.0
cat__SIFRA_KO_1584,0.0
cat__SIFRA_KO_1575,0.0
cat__SIFRA_KO_2141,0.0
cat__SIFRA_KO_1992,0.0
cat__SIFRA_KO_1576,0.0
cat__SIFRA_KO_1612,0.0
cat__SIFRA_KO_389,0.0
cat__SIFRA_KO_395,0.0
cat__SIFRA_KO_756,0.0
cat__SIFRA_KO_1979,0.0
cat__SIFRA_KO_397,0.0
cat__SIFRA_KO_222,0.0
cat__SIFRA_KO_554,0.0
cat__SIFRA_KO_553,0.0
cat__SIFRA_KO_1936,0.0
cat__SIFRA_KO_536,0.0
cat__SIFRA_KO_2154,0.0
cat__SIFRA_KO_2526,0.0
cat__SIFRA_KO_1660,0.0
cat__NADSTROPJE_DELA_STAVBE___MISSING__,0.0
cat__SIFRA_KO_1944,0.0
cat__SIFRA_KO_1945,0.0
cat__SIFRA_KO_2146,0.0
cat__SIFRA_KO_1641,0.0
cat__SIFRA_KO_507,0.0
cat__SIFRA_KO_2145,0.0
cat__SIFRA_KO_487,0.0
cat__GRADBENA_FAZA_4.0,0.0
cat__SIFRA_KO_474,0.0
cat__SIFRA_KO_447,0.0
cat__SIFRA_KO_1624,0.0
cat__SIFRA_KO_1963,0.0
cat__SIFRA_KO_1970,0.0
cat__SIFRA_KO_408,0.0
cat__SIFRA_KO_2580,0.0
cat__SIFRA_KO_358,0.0
cat__SIFRA_KO_2227,0.0
cat__SIFRA_KO_2238,0.0
cat__SIFRA_KO_1616,0.0
cat__SIFRA_KO_2590,0.0
cat__SIFRA_KO_343,0.0
cat__has_atrium___MISSING__,0.0
cat__SIFRA_KO_2642,0.0
cat__SIFRA_KO_2598,0.0
cat__SIFRA_KO_2603,0.0
cat__SIFRA_KO_1461,0.0
cat__SIFRA_KO_2047,0.0
cat__SIFRA_KO_2049,0.0
cat__SIFRA_KO_2270,0.0
cat__SIFRA_KO_1457,0.0
cat__SIFRA_KO_2118,0.0
cat__VRSTA_AKTA_OPIS_Osnovna pogodba,0.0
cat__SIFRA_KO_2641,0.0
cat__SIFRA_KO_2275,0.0
cat__SIFRA_KO_2083,0.0
cat__SIFRA_KO_2042,0.0
cat__SIFRA_KO_2290,0.0
cat__SIFRA_KO_2293,0.0
cat__SIFRA_KO_1448,0.0
cat__SIFRA_KO_2084,0.0
cat__SIFRA_KO_2096,0.0
cat__SIFRA_KO_2302,0.0
cat__SIFRA_KO_2634,0.0
cat__SIFRA_KO_2115,0.0
cat__SIFRA_KO_2611,0.0
cat__SIFRA_KO_1427,0.0
cat__SIFRA_KO_2610,0.0
cat__SIFRA_KO_1424,0.0
cat__SIFRA_KO_2045,0.0
cat__SIFRA_KO_2649,0.0
cat__SIFRA_KO_2589,0.0
cat__SIFRA_KO_1500,0.0
cat__SIFRA_KO_1997,0.0
cat__SIFRA_KO_2319,0.0
cat__SIFRA_KO_1998,0.0
cat__SIFRA_KO_1673,0.0
cat__SIFRA_KO_2132,0.0
cat__SIFRA_KO_2592,0.0
cat__SIFRA_KO_299,0.0
cat__SIFRA_KO_1520,0.0
cat__SIFRA_KO_2243,0.0
cat__SIFRA_KO_1420,0.0
cat__SIFRA_KO_294,0.0
cat__VRSTA_KUPOPRODAJNEGA_POSLA_1,0.0
cat__SIFRA_KO_1496,0.0
cat__SIFRA_KO_2032,0.0
cat__SIFRA_KO_283,0.0
cat__VRSTA_KUPOPRODAJNEGA_POSLA_OPIS_Prodaja nepremičnin na prostem trgu,0.0
cat__SIFRA_KO_1494,0.0
cat__SIFRA_KO_2125,0.0
cat__SIFRA_KO_1485,0.0
cat__SIFRA_KO_2124,0.0
cat__SIFRA_KO_2683,0.0
cat__SIFRA_KO_2028,0.0
cat__VRSTA_AKTA_1,0.0
cat__SIFRA_KO_2666,0.0
cat__SIFRA_KO_2661,0.0
cat__SIFRA_KO_2031,0.0
cat__SIFRA_KO_1661,0.0
cat__SIFRA_KO_2158,0.0
cat__SIFRA_KO_193,0.0
cat__SIFRA_KO_863,0.0
cat__SIFRA_KO_2470,0.0
cat__SIFRA_KO_826,0.0
cat__SIFRA_KO_679,0.0
cat__SIFRA_KO_1813,0.0
cat__SIFRA_KO_1815,0.0
cat__SIFRA_KO_844,0.0
cat__SIFRA_KO_1816,0.0
cat__SIFRA_KO_1817,0.0
cat__SIFRA_KO_1743,0.0
cat__SIFRA_KO_1741,0.0
cat__SIFRA_KO_845,0.0
cat__SIFRA_KO_2187,0.0
cat__SIFRA_KO_874,0.0
cat__SIFRA_KO_1810,0.0
cat__SIFRA_KO_878,0.0
cat__SIFRA_KO_675,0.0
cat__SIFRA_KO_883,0.0
cat__SIFRA_KO_886,0.0
cat__SIFRA_KO_673,0.0
cat__SIFRA_KO_672,0.0
cat__SIFRA_KO_1829,0.0
cat__SIFRA_KO_2170,0.0
cat__SIFRA_KO_2381,0.0
cat__SIFRA_KO_900,0.0
cat__SIFRA_KO_904,0.0
cat__SIFRA_KO_1839,0.0
cat__SIFRA_KO_822,0.0
cat__SIFRA_KO_181,0.0
cat__SIFRA_KO_1923,0.0
cat__SIFRA_KO_2386,0.0
cat__SIFRA_KO_2412,0.0
cat__SIFRA_KO_2387,0.0
cat__SIFRA_KO_730,0.0
cat__SIFRA_KO_769,0.0
cat__SIFRA_KO_2176,0.0
cat__SIFRA_KO_717,0.0
cat__SIFRA_KO_1760,0.0
cat__SIFRA_KO_2450,0.0
cat__SIFRA_KO_713,0.0
cat__SIFRA_KO_1773,0.0
cat__SIFRA_KO_2183,0.0
cat__SIFRA_KO_78,0.0
cat__SIFRA_KO_1781,0.0
cat__SIFRA_KO_688,0.0
cat__SIFRA_KO_2451,0.0
cat__SIFRA_KO_782,0.0
cat__SIFRA_KO_798,0.0
cat__SIFRA_KO_2383,0.0
cat__SIFRA_KO_806,0.0
cat__SIFRA_KO_698,0.0
cat__SIFRA_KO_1784,0.0
cat__SIFRA_KO_695,0.0
cat__SIFRA_KO_2185,0.0
cat__SIFRA_KO_1789,0.0
cat__SIFRA_KO_1795,0.0
cat__SIFRA_KO_820,0.0
cat__SIFRA_KO_2471,0.0
cat__SIFRA_KO_2483,0.0
cat__SIFRA_KO_1842,0.0
cat__SIFRA_KO_977,0.0
cat__SIFRA_KO_1867,0.0
cat__SIFRA_KO_187,0.0
cat__municipality_CIRKULANE,0.0
cat__SIFRA_KO_2199,0.0
cat__SIFRA_KO_1701,0.0
cat__SIFRA_KO_972,0.0
cat__SIFRA_KO_607,0.0
cat__SIFRA_KO_599,0.0
cat__SIFRA_KO_17,0.0
cat__SIFRA_KO_1698,0.0
cat__SIFRA_KO_1890,0.0
cat__SIFRA_KO_588,0.0
cat__SIFRA_KO_1901,0.0
cat__SIFRA_KO_912,0.0
cat__SIFRA_KO_982,0.0
cat__SIFRA_KO_1902,0.0
cat__SIFRA_KO_1907,0.0
cat__SIFRA_KO_578,0.0
cat__SIFRA_KO_1683,0.0
cat__SIFRA_KO_1910,0.0
cat__SIFRA_KO_2201,0.0
cat__SIFRA_KO_2401,0.0
cat__SIFRA_KO_2511,0.0
cat__VRSTA_DELA_STAVBE_2,0.0
cat__SIFRA_KO_1675,0.0
cat__VRSTA_DELA_STAVBE_OPIS_Stanovanje,0.0
cat__SIFRA_KO_1865,0.0
cat__SIFRA_KO_609,0.0
cat__SIFRA_KO_1703,0.0
cat__SIFRA_KO_2160,0.0
cat__SIFRA_KO_915,0.0
cat__SIFRA_KO_2380,0.0
cat__SIFRA_KO_921,0.0
cat__SIFRA_KO_923,0.0
cat__SIFRA_KO_654,0.0
cat__SIFRA_KO_650,0.0
cat__SIFRA_KO_2192,0.0
cat__SIFRA_KO_639,0.0
cat__SIFRA_KO_2167,0.0
cat__SIFRA_KO_637,0.0
cat__SIFRA_KO_2193,0.0
cat__SIFRA_KO_2194,0.0
cat__SIFRA_KO_1857,0.0
cat__SIFRA_KO_2365,0.0
cat__SIFRA_KO_2364,0.0
cat__SIFRA_KO_942,0.0
cat__SIFRA_KO_945,0.0
cat__SIFRA_KO_1859,0.0
cat__SIFRA_KO_236,0.0
cat__SIFRA_KO_2163,0.0
cat__SIFRA_KO_2489,0.0
cat__SIFRA_KO_1714,0.0
cat__SIFRA_KO_1705,0.0
cat__SIFRA_KO_630,0.0
cat__SIFRA_KO_628,0.0
cat__SIFRA_KO_2106,0.0
cat__municipality_KOSTEL,0.0
cat__SIFRA_KO_142,0.0
cat__settlement_POLJČE,0.0
cat__settlement_PRESERJE,0.0
cat__settlement_PREDDVOR,0.0
cat__settlement_POTOK,0.0
cat__settlement_POSTAJA,0.0
cat__settlement_POSAVEC,0.0
cat__settlement_PONIKVA,0.0
cat__settlement_PONGRAC,0.0
cat__settlement_POLJANE NAD ŠKOFJO LOKO,0.0
cat__settlement_SEBEBORCI,0.0
cat__settlement_POLIČKA VAS,0.0
cat__settlement_POLICA,0.0
cat__settlement_POLENŠAK,0.0
cat__settlement_PODVIN PRI POLZELI,0.0
cat__settlement_PODTURN PRI DOL. TOPLICAH,0.0
cat__settlement_PODSTUDENEC,0.0
cat__settlement_PODPEČ,0.0
cat__settlement_PREVOJE PRI ŠENTVIDU,0.0
cat__settlement_PREČNA,0.0
cat__settlement_RADEGUNDA,0.0
cat__settlement_RADOMLJE,0.0
cat__settlement_RODICA,0.0
cat__settlement_RIBČEV LAZ,0.0
cat__settlement_RIBNO,0.0
cat__settlement_REČICA OB SAVINJI,0.0
cat__settlement_RETNJE,0.0
cat__settlement_RETEČE,0.0
cat__settlement_RESNIK,0.0
cat__settlement_RAČICE,0.0
cat__settlement_RAZDRTO,0.0
cat__settlement_RAZBORCA,0.0
cat__settlement_RAVNE V BOHINJU,0.0
cat__settlement_RAKOVNIK,0.0
cat__settlement_RAKOVLJE,0.0
cat__settlement_RAKIČAN,0.0
cat__municipality_GORIŠNICA,0.0
cat__settlement_PODLJUBELJ,0.0
cat__settlement_PODKOREN,0.0
cat__settlement_PODBOČJE,0.0
cat__settlement_NOVA VAS NAD DRAGONJO,0.0
cat__settlement_NOMENJ,0.0
cat__settlement_NJIVICE,0.0
cat__settlement_NJIVERCE,0.0
cat__settlement_NAKLO,0.0
cat__settlement_MOŠNJE,0.0
cat__settlement_MOTNIK,0.0
cat__settlement_MOST NA SOČI,0.0
cat__settlement_MORSKO,0.0
cat__settlement_MOKRONOG,0.0
cat__settlement_MOHORJE,0.0
cat__settlement_MLAKA PRI KRANJU,0.0
cat__settlement_MLAKA PRI KOČEVJU,0.0
cat__settlement_MESTNI VRH,0.0
cat__settlement_MESTINJE,0.0
cat__settlement_MEDLOG,0.0
cat__settlement_NOVA VAS,0.0
cat__settlement_NOŽICE,0.0
cat__settlement_PLEŠIVICA,0.0
cat__settlement_ODRANCI,0.0
cat__settlement_PLAVE,0.0
cat__settlement_PLANINA PRI SEVNICI,0.0
cat__settlement_PLANINA,0.0
cat__settlement_PIŠECE,0.0
cat__settlement_PIVOLA,0.0
cat__settlement_PIJAVA GORICA,0.0
cat__settlement_PEŠČENIK,0.0
cat__settlement_PEČOVNIK,0.0
cat__settlement_PETELINJE,0.0
cat__settlement_PERNICA,0.0
cat__settlement_PARIČJAK,0.0
cat__settlement_PAMEČE,0.0
cat__settlement_ORTNEK,0.0
cat__settlement_OREHOVLJE,0.0
cat__settlement_OJSTRIŠKA VAS,0.0
cat__settlement_ROŠPOH - DEL,0.0
cat__settlement_SELCE,0.0
cat__settlement_ZGORNJI LESKOVEC,0.0
cat__settlement_VINSKA GORICA,0.0
cat__settlement_VODICE,0.0
cat__settlement_VNANJE GORICE,0.0
cat__settlement_VITOMARCI,0.0
cat__settlement_VISOČE,0.0
cat__settlement_VISOKO,0.0
cat__settlement_VIRMAŠE,0.0
cat__settlement_VIR PRI STIČNI,0.0
cat__settlement_VEŠTER,0.0
cat__settlement_SELO,0.0
cat__settlement_VELIKO MLAČEVO,0.0
cat__settlement_VELIKO GLOBOKO,0.0
cat__settlement_VELIKI GABER,0.0
cat__settlement_VELIKE BLOKE,0.0
cat__settlement_VAŠE,0.0
cat__settlement_VANGANEL,0.0
cat__settlement_UTIK,0.0
cat__settlement_VOGLJE,0.0
cat__settlement_VOLČJI POTOK,0.0
cat__settlement_VRANSKO,0.0
cat__settlement_VRBJE,0.0
cat__settlement_ZGORNJE POLJČANE,0.0
cat__settlement_ZGORNJE JARŠE,0.0
cat__settlement_ZGORNJE GORJE,0.0
cat__settlement_ZGORNJE GAMELJNE,0.0
cat__settlement_ZGORNJA VIŽINGA,0.0
cat__settlement_ZGORNJA PRISTAVA,0.0
cat__settlement_ZGORNJA LOŽNICA,0.0
cat__settlement_ZGORNJA KORENA,0.0
cat__settlement_ZGORNJA DRAGA,0.0
cat__settlement_ZASIP,0.0
cat__settlement_ZALOG,0.0
cat__settlement_VURMAT - DEL,0.0
cat__settlement_VRTOVIN,0.0
cat__settlement_VRHOVO,0.0
cat__settlement_VRBOVO,0.0
cat__settlement_URŠNA SELA,0.0
cat__settlement_UNEC,0.0
cat__settlement_TURJANCI,0.0
cat__settlement_SPODNJI HOTIČ,0.0
cat__settlement_SPODNJE GORJE,0.0
cat__settlement_SPODNJE BLATO,0.0
cat__settlement_SPODNJE BITNJE,0.0
cat__settlement_SPODNJA ŠČAVNICA,0.0
cat__settlement_SPODNJA VOLIČINA,0.0
cat__settlement_SPODNJA POLSKAVA,0.0
cat__settlement_SODRAŽICA,0.0
cat__settlement_SODNA VAS,0.0
cat__settlement_SMOLNIK,0.0
cat__settlement_SMLEDNIK,0.0
cat__settlement_SMAST,0.0
cat__settlement_SLOVENJA VAS,0.0
cat__settlement_SKOKE,0.0
cat__settlement_SELO PRI ŽIROVNICI,0.0
cat__settlement_SELO PRI BLEDU,0.0
cat__settlement_SPODNJE JARŠE,0.0
cat__settlement_SREDNJA BISTRICA,0.0
cat__settlement_TRŽIŠČE,0.0
cat__settlement_SREDNJA VAS PRI ŠENČURJU,0.0
cat__settlement_TRNJAVA,0.0
cat__settlement_SVEČINA,0.0
cat__settlement_SVETI TOMAŽ,0.0
cat__settlement_SVETELKA,0.0
cat__settlement_SV. TROJICA V SLOV. GORICAH,0.0
cat__settlement_SV. PETER,0.0
cat__settlement_SV. EMA,0.0
cat__settlement_SV. DUH,0.0
cat__settlement_STRAŽIŠČE,0.0
cat__settlement_STIČNA,0.0
cat__settlement_STARA CERKEV,0.0
cat__settlement_STANEŽIČE,0.0
cat__settlement_STAHOVICA,0.0
cat__settlement_SREDNJE JARŠE,0.0
cat__settlement_SREDNJE GAMELJNE,0.0
cat__settlement_MARKOVCI,0.0
cat__municipality_GORNJI GRAD,0.0
cat__settlement_MALI BREBROVNIK,0.0
cat__settlement_CEROVEC PRI ŠMARJU,0.0
cat__settlement_DOLE PRI LITIJI,0.0
cat__settlement_DOL PRI BOROVNICI,0.0
cat__settlement_DOBRAVICA,0.0
cat__settlement_DOBOVA,0.0
cat__settlement_DESTRNIK,0.0
cat__settlement_DEKANI,0.0
cat__settlement_CIRKULANE,0.0
cat__settlement_CERKLJE NA GORENJSKEM,0.0
cat__settlement_MALEČNIK,0.0
cat__settlement_CEREJ,0.0
cat__settlement_BUKOVICA,0.0
cat__settlement_BRNICA,0.0
cat__settlement_BREZOVICA PRI LJUBLJANI,0.0
cat__settlement_BREZOVICA,0.0
cat__settlement_BREZJE PRI GROSUPLJEM,0.0
cat__settlement_BREZJE PRI DOBROVI,0.0
cat__settlement_DOLENJE MOKRO POLJE,0.0
cat__settlement_DOLENJI BOŠTANJ,0.0
cat__settlement_DOLNJE LEŽEČE,0.0
cat__settlement_DORFARJE,0.0
cat__settlement_GMAJNICA,0.0
cat__settlement_GLOBOČE,0.0
cat__settlement_GALICIJA,0.0
cat__settlement_FRANKOLOVO,0.0
cat__settlement_FRAM,0.0
cat__settlement_FARA,0.0
cat__settlement_FAMLJE,0.0
cat__settlement_FALA,0.0
cat__settlement_DRENOV GRIČ,0.0
cat__settlement_DRAVSKI DVOR,0.0
cat__settlement_DRAVINJSKI VRH,0.0
cat__settlement_DRAGOMER,0.0
cat__settlement_DRAGATUŠ,0.0
cat__settlement_DRAGA,0.0
cat__settlement_DORNAVA,0.0
cat__settlement_BREG PRI KOČEVJU,0.0
cat__settlement_BRDCE,0.0
cat__settlement_BONINI,0.0
cat__municipality_JURŠINCI,0.0
cat__municipality_TABOR,0.0
cat__municipality_SVETI TOMAŽ,0.0
cat__municipality_SVETI JURIJ V SLOV. GORICAH,0.0
cat__municipality_SVETI JURIJ OB ŠČAVNICI,0.0
cat__municipality_SVETI ANDRAŽ V SLOV. GORICAH,0.0
cat__municipality_SVETA TROJICA V SLOVENSKIH GORICAH,0.0
cat__municipality_SV. TROJICA V SLOV. GORICAH,0.0
cat__municipality_SODRAŽICA,0.0
cat__municipality_REČICA OB SAVINJI,0.0
cat__municipality_ODRANCI,0.0
cat__municipality_NAKLO,0.0
cat__municipality_MOKRONOG-TREBELNO,0.0
cat__municipality_KOMEN,0.0
cat__municipality_LJUBNO,0.0
cat__municipality_KRIŽEVCI,0.0
cat__municipality_VODICE,0.0
cat__municipality_ČRENŠOVCI,0.0
cat__settlement_BOHOVA,0.0
cat__municipality_ŠALOVCI,0.0
cat__settlement_BOHINJSKA BELA,0.0
cat__settlement_BOHARINA,0.0
cat__settlement_BLEJSKA DOBRAVA,0.0
cat__settlement_BLATNA BREZOVICA,0.0
cat__settlement_BIZELJSKO,0.0
cat__settlement_BEZINA,0.0
cat__settlement_BEVKE,0.0
cat__settlement_BERIČEVO,0.0
cat__settlement_BELE VODE,0.0
cat__settlement_BEGUNJE PRI CERKNICI,0.0
cat__settlement_BAŠELJ,0.0
cat__settlement_BAČA PRI MODREJU,0.0
cat__settlement_BANJA LOKA,0.0
cat__settlement_BABIČI,0.0
cat__settlement_APAČE,0.0
cat__settlement_GODEŠIČ,0.0
cat__settlement_GODOVIČ,0.0
cat__settlement_GORA PRI KOMENDI,0.0
cat__settlement_LEHEN NA POHORJU,0.0
cat__settlement_LAHOVČE,0.0
cat__settlement_LAHOV GRABEN,0.0
cat__settlement_KRTINA,0.0
cat__settlement_KROMBERK,0.0
cat__settlement_KRIŽEVCI PRI LJUTOMERU,0.0
cat__municipality_HORJUL,0.0
cat__settlement_KOVOR,0.0
cat__settlement_KOPRIVNICA,0.0
cat__settlement_KOPRIVNA,0.0
cat__settlement_KONJSKI VRH,0.0
cat__settlement_KOMENDA,0.0
cat__settlement_KOMEN,0.0
cat__settlement_KOMARNA VAS,0.0
cat__settlement_KOLOMBAN,0.0
cat__settlement_KOJSKO,0.0
cat__settlement_LAZE PRI BOROVNICI,0.0
cat__settlement_LETUŠ,0.0
cat__settlement_KLAVŽE,0.0
cat__settlement_LEŠE,0.0
cat__settlement_MALA VAS PRI GROSUPLJEM,0.0
cat__settlement_MAHOVNIK,0.0
cat__settlement_LUKOVICA PRI DOMŽALAH,0.0
cat__settlement_LOVRENC NA DRAVSKEM POLJU,0.0
cat__settlement_LOM POD STORŽIČEM,0.0
cat__settlement_LOKOVICA,0.0
cat__settlement_LOKAVEC,0.0
cat__settlement_LOG NAD ŠKOFJO LOKO,0.0
cat__settlement_LJUBNO OB SAVINJI,0.0
cat__settlement_LJUBNO,0.0
cat__municipality_HAJDINA,0.0
cat__settlement_LIPE,0.0
cat__settlement_LIPCE,0.0
cat__settlement_LIBOJE,0.0
cat__settlement_LIBELIČE,0.0
cat__settlement_KNEŽAK,0.0
cat__settlement_KLANEC,0.0
cat__settlement_GORENJA DOBRAVA,0.0
cat__settlement_HRASTOVEC V SLOV. GORICAH,0.0
cat__settlement_HOTUNJE,0.0
cat__settlement_HOTAVLJE,0.0
cat__settlement_HORJUL,0.0
cat__settlement_HOMEC,0.0
cat__settlement_HLEBCE,0.0
cat__settlement_HAJDOŠE,0.0
cat__settlement_GRGAR,0.0
cat__settlement_GRAHOVO,0.0
cat__settlement_GRADIŠKE LAZE,0.0
cat__settlement_GOZD MARTULJEK,0.0
cat__settlement_GORNJI GRAD,0.0
cat__settlement_GORNJA VAS,0.0
cat__settlement_GORNJA BISTRICA,0.0
cat__settlement_GORIŠNICA,0.0
cat__settlement_GORICA PRI SLIVNICI,0.0
cat__settlement_HRASTJE,0.0
cat__settlement_HRAŠE,0.0
cat__settlement_KASTELEC,0.0
cat__settlement_HRIB-LOŠKI POTOK,0.0
cat__settlement_KAMNJE,0.0
cat__settlement_KAMNA GORICA,0.0
cat__settlement_KALOBJE,0.0
cat__settlement_JURŠINCI,0.0
cat__settlement_JURSKI VRH,0.0
cat__settlement_JURKA VAS,0.0
cat__settlement_JEZERO,0.0
cat__settlement_JARENINSKI DOL,0.0
cat__settlement_JANŽEVSKI VRH,0.0
cat__settlement_IŠKA VAS,0.0
cat__settlement_IZLAKE,0.0
cat__settlement_IVANJKOVCI,0.0
cat__settlement_HUM,0.0
cat__settlement_HUDAJUŽNA,0.0
cat__settlement_HRVATINI,0.0
cat__settlement_ZGORNJE ŠKOFIJE,0.0
cat__settlement_ZIDANI MOST,0.0
cat__SIFRA_KO_1412,0.0
cat__ko_name_STANIŠE,0.0
cat__ko_name_UNEC,0.0
cat__ko_name_TOMAŽ,0.0
cat__ko_name_TOLSTI VRH,0.0
cat__ko_name_SVEČINA,0.0
cat__ko_name_STRANSKA VAS,0.0
cat__ko_name_STIČNA,0.0
cat__ko_name_STARA CERKEV,0.0
cat__ko_name_SREDNJA BISTRICA,0.0
cat__ko_name_VRTOVIN,0.0
cat__ko_name_SPODNJE GORJE,0.0
cat__ko_name_SPODNJA ŠČAVNICA,0.0
cat__ko_name_SPODNJA VOLIČINA,0.0
cat__ko_name_SODNA VAS,0.0
cat__ko_name_SOCERB,0.0
cat__ko_name_SMOLNIK,0.0
cat__ko_name_SMLEDNIK,0.0
cat__ko_name_VANGANEL,0.0
cat__ko_name_VELIKA LIGOJNA,0.0
cat__ko_name_VELIKE BLOKE,0.0
cat__ko_name_VELIKE LIPLJENE,0.0
cat__ko_name_VRHOVO,0.0
cat__ko_name_VRBOVO,0.0
cat__ko_name_VOLČJI POTOK,0.0
cat__ko_name_VOJNIK OKOLICA,0.0
cat__ko_name_VOGLJE,0.0
cat__ko_name_VIŠNJA VAS,0.0
cat__ko_name_VIŠNJA GORA,0.0
cat__ko_name_VITOMARCI,0.0
cat__ko_name_VITANJE,0.0
cat__ko_name_VISOKO,0.0
cat__ko_name_VIPAVA,0.0
cat__ko_name_VELIKO GLOBOKO,0.0
cat__ko_name_VELIKI OBREŽ,0.0
cat__ko_name_VELIKI GABER,0.0
cat__ko_name_VELIKE POLJANE,0.0
cat__ko_name_SMAST,0.0
cat__ko_name_SLOVENJA VAS,0.0
cat__ko_name_SLAMNJAK,0.0
cat__ko_name_PRESERJE,0.0
cat__ko_name_POČEHOVA,0.0
cat__ko_name_PONOVA VAS,0.0
cat__ko_name_PONIKVA,0.0
cat__ko_name_PONGRAC,0.0
cat__ko_name_POLJČANE,0.0
cat__ko_name_POLIČKA VAS,0.0
cat__ko_name_POLICA,0.0
cat__ko_name_POLENŠAK,0.0
cat__ko_name_PODVIN,0.0
cat__ko_name_PODVELKA,0.0
cat__ko_name_PODTURN,0.0
cat__ko_name_PODMELEC,0.0
cat__ko_name_PODKOREN,0.0
cat__ko_name_PODBOČJE,0.0
cat__ko_name_PLAVJE,0.0
cat__ko_name_PRELOGE,0.0
cat__ko_name_PREVOJE,0.0
cat__ko_name_SKOKE,0.0
cat__ko_name_PREČNA,0.0
cat__ko_name_SELO PRI ROBU,0.0
cat__ko_name_SELO PRI BLEDU,0.0
cat__ko_name_SELO,0.0
cat__ko_name_SELCE,0.0
cat__ko_name_SEBEBORCI,0.0
cat__ko_name_SAVICA,0.0
cat__ko_name_ROŠPOH,0.0
cat__ko_name_RIBNO,0.0
cat__ko_name_REČICA OB SAVINJI,0.0
cat__ko_name_RETEČE,0.0
cat__ko_name_RESNIK,0.0
cat__ko_name_RAČICE,0.0
cat__ko_name_RAZDRTO,0.0
cat__ko_name_RAKIČAN,0.0
cat__ko_name_RADEGUNDA,0.0
cat__ko_name_VRTOJBA,0.0
cat__ko_name_ZAGAJ,0.0
cat__settlement_ZLATOLIČJE,0.0
cat__SIFRA_KO_1081,0.0
cat__SIFRA_KO_1131,0.0
cat__SIFRA_KO_1129,0.0
cat__SIFRA_KO_1128,0.0
cat__SIFRA_KO_1106,0.0
cat__SIFRA_KO_1098,0.0
cat__SIFRA_KO_1095,0.0
cat__SIFRA_KO_1089,0.0
cat__SIFRA_KO_1071,0.0
cat__ko_name_ZAGORJE,0.0
cat__SIFRA_KO_1066,0.0
cat__SIFRA_KO_1061,0.0
cat__SIFRA_KO_1053,0.0
cat__SIFRA_KO_1045,0.0
cat__SIFRA_KO_1042,0.0
cat__SIFRA_KO_104,0.0
cat__SIFRA_KO_1032,0.0
cat__SIFRA_KO_1143,0.0
cat__SIFRA_KO_1150,0.0
cat__SIFRA_KO_1161,0.0
cat__SIFRA_KO_1162,0.0
cat__SIFRA_KO_141,0.0
cat__SIFRA_KO_1397,0.0
cat__SIFRA_KO_1384,0.0
cat__SIFRA_KO_1381,0.0
cat__SIFRA_KO_137,0.0
cat__SIFRA_KO_1341,0.0
cat__SIFRA_KO_1332,0.0
cat__SIFRA_KO_1302,0.0
cat__SIFRA_KO_1293,0.0
cat__SIFRA_KO_1269,0.0
cat__SIFRA_KO_1257,0.0
cat__SIFRA_KO_1219,0.0
cat__SIFRA_KO_1218,0.0
cat__SIFRA_KO_1206,0.0
cat__SIFRA_KO_1190,0.0
cat__SIFRA_KO_1021,0.0
cat__SIFRA_KO_1020,0.0
cat__SIFRA_KO_1009,0.0
cat__ko_name_ŠENTILJ POD TURJAKOM,0.0
cat__ko_name_ŠEMPAS,0.0
cat__ko_name_ŠALOVCI,0.0
cat__ko_name_ČREŠNJEVCI,0.0
cat__ko_name_ČEŠNJEVEK,0.0
cat__ko_name_ZMINEC,0.0
cat__ko_name_ZLATOLIČJE,0.0
cat__ko_name_ZGORNJI VURMAT,0.0
cat__ko_name_ZGORNJI LESKOVEC,0.0
cat__ko_name_ZGORNJE JEZERSKO,0.0
cat__ko_name_ZGORNJA VOLIČINA,0.0
cat__ko_name_ZGORNJA VIŽINGA,0.0
cat__ko_name_ZGORNJA LOŽNICA,0.0
cat__ko_name_ZGORNJA KORENA,0.0
cat__ko_name_ZASIP,0.0
cat__ko_name_ZAGRAD,0.0
cat__ko_name_ŠENTANEL,0.0
cat__ko_name_ŠENTJANŽ,0.0
cat__SIFRA_KO_1000,0.0
cat__ko_name_ŠENTJANŽ PRI DRAVOGRADU,0.0
cat__ko_name_ŽLEBE,0.0
cat__ko_name_ŽERJAV,0.0
cat__ko_name_ŽELEZNO,0.0
cat__ko_name_ŽDINJA VAS,0.0
cat__ko_name_ŽALOVIČE,0.0
cat__ko_name_ŠTURJE,0.0
cat__ko_name_ŠTUDA,0.0
cat__ko_name_ŠTEFAN,0.0
cat__ko_name_ŠTALE,0.0
cat__ko_name_ŠMARTNO OB PAKI,0.0
cat__ko_name_ŠMARTNO NA POHORJU,0.0
cat__ko_name_ŠKOFJA VAS,0.0
cat__ko_name_ŠIRJE,0.0
cat__ko_name_ŠENTVID,0.0
cat__ko_name_ŠENTRUPERT,0.0
cat__ko_name_PLAVE,0.0
cat__ko_name_PLANINA,0.0
cat__ko_name_PIŠECE,0.0
cat__ko_name_DOLE PRI LITIJI,0.0
cat__ko_name_FAMLJE,0.0
cat__ko_name_EMA,0.0
cat__ko_name_DRAGATUŠ,0.0
cat__ko_name_DRAGA,0.0
cat__ko_name_DORNAVA,0.0
cat__ko_name_DORFARJE,0.0
cat__ko_name_DOLNJE LEŽEČE,0.0
cat__ko_name_DOBRUNJE,0.0
cat__ko_name_PIVOLA,0.0
cat__ko_name_DOBJE,0.0
cat__ko_name_DOBINDOL,0.0
cat__ko_name_DESTRNIK,0.0
cat__ko_name_DEKANI,0.0
cat__ko_name_CIRKULANE,0.0
cat__ko_name_CERKLJE,0.0
cat__ko_name_BUKOVICA,0.0
cat__ko_name_FRAM,0.0
cat__ko_name_GABRJE OB VIPAVI,0.0
cat__ko_name_GAJ,0.0
cat__ko_name_GEREČJA VAS,0.0
cat__ko_name_GRGAR,0.0
cat__ko_name_GRAHOVO,0.0
cat__ko_name_GRADIŠČE V SLOVENSKIH GORICAH,0.0
cat__ko_name_GRADIŠČE V SLOVENSKIH GORICA,0.0
cat__ko_name_GOZD,0.0
cat__ko_name_GOTNA VAS,0.0
cat__ko_name_GORNJI GRAD,0.0
cat__ko_name_GORNJA BISTRICA,0.0
cat__ko_name_GORIŠNICA,0.0
cat__ko_name_GORICA PRI SLIVNICI,0.0
cat__ko_name_GORENJA PLANINA,0.0
cat__ko_name_GORE,0.0
cat__ko_name_GOLOBINJEK,0.0
cat__ko_name_GODOVIČ,0.0
cat__ko_name_GODEŠIČ,0.0
cat__ko_name_BRITOF,0.0
cat__ko_name_BREG OB KOKRI,0.0
cat__ko_name_BOŠTANJ,0.0
cat__settlement_ŠKRJANČEVO,0.0
cat__settlement_ŠKOFJA VAS,0.0
cat__settlement_ŠKOCJAN,0.0
cat__settlement_ŠENTVID PRI STIČNI,0.0
cat__settlement_ŠENTVID PRI LUKOVICI,0.0
cat__settlement_ŠENTRUPERT,0.0
cat__settlement_ŠENTJANŽ PRI DRAVOGRADU,0.0
cat__settlement_ŠENTJANŽ,0.0
cat__settlement_ŠENTANEL,0.0
cat__settlement_ŠARED,0.0
cat__settlement_ŠALOVCI,0.0
cat__settlement_ČRNI VRH,0.0
cat__settlement_ČREŠNJEVEC OB DRAVI,0.0
cat__settlement_ČREŠNJEVCI,0.0
cat__settlement_ČEŽARJI,0.0
cat__settlement_ZMINEC,0.0
cat__settlement_ŠKOFLJICA,0.0
cat__settlement_ŠMARTNO NA POHORJU,0.0
cat__ko_name_BOHOVA,0.0
cat__settlement_ŽERJAV,0.0
cat__ko_name_BOHINJSKA BELA,0.0
cat__ko_name_BLEJSKA DOBRAVA,0.0
cat__ko_name_BLATNA BREZOVICA,0.0
cat__ko_name_BIZELJSKO,0.0
cat__ko_name_BITNJE,0.0
cat__ko_name_BEZINA,0.0
cat__ko_name_BERIČEVO,0.0
cat__ko_name_BELE VODE,0.0
cat__ko_name_BELA,0.0
cat__ko_name_BEGUNJE PRI CERKNICI,0.0
cat__ko_name_BATUJE,0.0
cat__ko_name_BANJA LOKA,0.0
cat__ko_name_APAČE,0.0
cat__settlement_ŽUPEČA VAS,0.0
cat__settlement_ŽLEBE,0.0
cat__ko_name_GRIČ,0.0
cat__ko_name_GROSUPLJE,0.0
cat__ko_name_HAJDINA,0.0
cat__ko_name_MLAKA,0.0
cat__ko_name_MARNO,0.0
cat__ko_name_MARKOVCI,0.0
cat__ko_name_MARIJA DOBJE,0.0
cat__ko_name_MAREZIGE,0.0
cat__ko_name_MALI BREBROVNIK,0.0
cat__ko_name_MALEČNIK,0.0
cat__ko_name_MAHOVNIK,0.0
cat__ko_name_LOŠKA GORA,0.0
cat__ko_name_LOKAVEC,0.0
cat__ko_name_LOBNICA,0.0
cat__ko_name_LJUBNO,0.0
cat__ko_name_LIBOJE,0.0
cat__ko_name_LIBELIŠKA GORA,0.0
cat__ko_name_LEŠE,0.0
cat__ko_name_LEVEC,0.0
cat__ko_name_MESTNI VRH,0.0
cat__ko_name_MOKRONOG,0.0
cat__ko_name_LAPORJE,0.0
cat__ko_name_MORSKO,0.0
cat__ko_name_PIRČE,0.0
cat__ko_name_PIJAVA GORICA,0.0
cat__ko_name_PANEČE,0.0
cat__ko_name_PAMEČE,0.0
cat__ko_name_OREŠJE,0.0
cat__ko_name_OJSTRIŠKA VAS,0.0
cat__ko_name_ODRANCI,0.0
cat__ko_name_OBLOKE,0.0
cat__ko_name_NOVA VAS PRI PTUJU,0.0
cat__ko_name_NOMENJ,0.0
cat__ko_name_NJIVICE,0.0
cat__ko_name_NAKLO,0.0
cat__ko_name_MOŠNJE,0.0
cat__ko_name_MOTNIK,0.0
cat__ko_name_MOST NA SOČI,0.0
cat__ko_name_LEHEN,0.0
cat__ko_name_LAHOVČE,0.0
cat__ko_name_HAJDOŠE,0.0
cat__ko_name_JURKA VAS,0.0
cat__ko_name_JEZERO,0.0
cat__ko_name_JERNEJ,0.0
cat__ko_name_JELENČE,0.0
cat__ko_name_JARENINSKI DOL,0.0
cat__ko_name_JAMNA,0.0
cat__ko_name_JABLANICA,0.0
cat__ko_name_IŠKA LOKA,0.0
cat__ko_name_IZLAKE,0.0
cat__ko_name_IVANJKOVCI,0.0
cat__ko_name_HUDO,0.0
cat__ko_name_HRIBI,0.0
cat__ko_name_HRIB,0.0
cat__ko_name_HRASTJE,0.0
cat__ko_name_HOTAVLJE,0.0
cat__ko_name_HORJUL,0.0
cat__ko_name_JEŠOVEC,0.0
cat__ko_name_JURSKI VRH,0.0
cat__ko_name_KRTINA,0.0
cat__ko_name_JURŠINCI,0.0
cat__ko_name_KRIŽEVCI,0.0
cat__ko_name_KRIŽ,0.0
cat__municipality_DORNAVA,0.0
cat__ko_name_KRAKOVSKO PREDMESTJE,0.0
cat__ko_name_KOVOR,0.0
cat__ko_name_KOPRIVNICA,0.0
cat__ko_name_KOPRIVNA,0.0
cat__ko_name_KONJSKI VRH,0.0
cat__ko_name_KOMEN,0.0
cat__ko_name_KOJSKO,0.0
cat__ko_name_KNEŽAK,0.0
cat__ko_name_KLANC,0.0
cat__ko_name_KAČJA VAS,0.0
cat__ko_name_KAMNA GORICA,0.0
cat__ko_name_KALOBJE,0.0
cat__ko_name_LOKOVICA,0.0
